EntryID,Ecosystem,Common Name,Scientific Name,Count,Year
10012797,Wetland,Knapweed,Senecio vulgaris,412,2012
10028051,Agricultural Field,Groundsel,Setaria faberi,242,2008
10065340,Grassland,Lambsquarters,Ambrosia artemisiifolia,179,2002
10003235,Agricultural Field,Bindweed,Setaria faberi,281,2005
10057117,Grassland,Clover,Cyperus esculentus,351,1995
10036856,Wetland,Bindweed,Chenopodium album,414,2022
10088345,Wetland,Henbit,Taraxacum officinale,488,2007
10057369,Forest,Lambsquarters,Setaria faberi,469,2020
10061074,Forest,Goosegrass,Lamium amplexicaule,406,1993
10036539,Forest,Chickweed,Chenopodium album,402,2005
10005138,Urban,Lambsquarters,Senecio vulgaris,95,2013
10040628,Grassland,Thistle,Digitaria sanguinalis,267,2002
10084548,Wetland,Quackgrass,Eleusine indica,82,1995
10015068,Wetland,Foxtail,Cyperus esculentus,172,2021
10096224,Agricultural Field,Plantain,Stellaria media,479,2014
10071765,Forest,Ragweed,Stellaria media,101,1993
10037514,Urban,Foxtail,Cyperus esculentus,382,2021
10089016,Wetland,Crabgrass,Rumex crispus,380,2013
10022826,Forest,Foxtail,Eleusine indica,250,2022
10028259,Forest,Pigweed,Cirsium arvense,324,2010
10031107,Agricultural Field,Bermudagrass,Taraxacum officinale,333,2005
10075694,Forest,Chickweed,Cyperus esculentus,389,2022
10064387,Wetland,Ragweed,Stellaria media,163,1996
10083858,Urban,Chickweed,Cirsium arvense,454,2011
10057578,Agricultural Field,Plantain,Ambrosia artemisiifolia,470,2006
10041800,Forest,Bermudagrass,Setaria faberi,99,1995
10093164,Agricultural Field,Quackgrass,Plantago major,389,1995
10034899,Grassland,Milkweed,Ambrosia artemisiifolia,96,1992
10077685,Forest,Thistle,Senecio vulgaris,350,1993
10070386,Agricultural Field,Dock,Senecio vulgaris,407,1997
10029774,Forest,Crabgrass,Elymus repens,12,1996
10060752,Wetland,Clover,Elymus repens,417,2005
10088876,Urban,Chickweed,Setaria faberi,33,1993
10096953,Forest,Bermudagrass,Cynodon dactylon,42,2019
10030926,Forest,Knapweed,Amaranthus retroflexus,381,2019
10079511,Urban,Henbit,Setaria faberi,48,2008
10038288,Urban,Groundsel,Chenopodium album,431,2005
10045445,Agricultural Field,Bermudagrass,Convolvulus arvensis,175,2020
10014717,Agricultural Field,Bindweed,Senecio vulgaris,152,2013
10071746,Grassland,Bermudagrass,Convolvulus arvensis,80,1992
10005963,Urban,Lambsquarters,Eleusine indica,110,2014
10043007,Agricultural Field,Dandelion,Cyperus esculentus,465,2021
10088454,Wetland,Clover,Rumex crispus,187,2013
10070620,Agricultural Field,Chickweed,Rumex crispus,277,2023
10003495,Grassland,Bermudagrass,Senecio vulgaris,32,1995
10014460,Forest,Ragweed,Elymus repens,264,2021
10029056,Forest,Lambsquarters,Asclepias syriaca,334,2006
10051494,Agricultural Field,Pigweed,Convolvulus arvensis,360,2009
10077859,Grassland,Groundsel,Rumex crispus,252,2008
10042362,Forest,Quackgrass,Cirsium arvense,233,1994
10088534,Agricultural Field,Lambsquarters,Trifolium repens,442,1992
10054323,Wetland,Lambsquarters,Senecio vulgaris,89,2010
10026339,Forest,Clover,Cyperus esculentus,11,2014
10093821,Wetland,Knapweed,Chenopodium album,217,2020
10000926,Forest,Bermudagrass,Centaurea stoebe,311,2003
10009816,Forest,Plantain,Convolvulus arvensis,344,2016
10083249,Grassland,Lambsquarters,Rumex crispus,103,2017
10091990,Wetland,Henbit,Asclepias syriaca,304,2017
10075585,Agricultural Field,Bermudagrass,Lamium amplexicaule,400,2020
10008214,Wetland,Bindweed,Ambrosia artemisiifolia,428,2011
10036536,Grassland,Chickweed,Asclepias syriaca,221,1991
10020013,Forest,Goosegrass,Eleusine indica,87,1993
10041839,Urban,Bermudagrass,Amaranthus retroflexus,435,1993
10052575,Urban,Milkweed,Digitaria sanguinalis,385,2000
10071207,Forest,Nutsedge,Lamium amplexicaule,7,2023
10024190,Agricultural Field,Quackgrass,Lamium amplexicaule,499,1994
10051953,Forest,Ragweed,Plantago major,155,2013
10041002,Agricultural Field,Clover,Stellaria media,356,2006
10086458,Wetland,Milkweed,Cirsium arvense,435,2000
10052597,Grassland,Milkweed,Taraxacum officinale,439,2010
10006520,Forest,Bindweed,Eleusine indica,315,2018
10057631,Wetland,Milkweed,Convolvulus arvensis,404,2014
10087314,Wetland,Chickweed,Centaurea stoebe,6,1997
10056518,Grassland,Foxtail,Lamium amplexicaule,377,2005
10058141,Grassland,Ragweed,Taraxacum officinale,261,2017
10035016,Agricultural Field,Groundsel,Cynodon dactylon,184,1990
10042273,Forest,Bindweed,Convolvulus arvensis,470,1997
10090879,Grassland,Henbit,Taraxacum officinale,181,1994
10083777,Agricultural Field,Quackgrass,Chenopodium album,64,2013
10005491,Forest,Ragweed,Senecio vulgaris,78,2022
10096290,Grassland,Clover,Ambrosia artemisiifolia,464,1992
10058698,Urban,Clover,Lamium amplexicaule,457,2002
10042357,Urban,Chickweed,Ambrosia artemisiifolia,54,2017
10086551,Agricultural Field,Foxtail,Plantago major,175,1992
10093021,Forest,Groundsel,Convolvulus arvensis,126,1993
10056439,Wetland,Knapweed,Cirsium arvense,161,1992
10070414,Wetland,Bermudagrass,Cynodon dactylon,274,2004
10035448,Wetland,Pigweed,Setaria faberi,494,1995
10030686,Grassland,Crabgrass,Ambrosia artemisiifolia,363,2012
10027392,Urban,Foxtail,Cirsium arvense,394,2005
10011871,Wetland,Pigweed,Convolvulus arvensis,399,2002
10085462,Grassland,Foxtail,Digitaria sanguinalis,66,2005
10054609,Forest,Bermudagrass,Digitaria sanguinalis,63,1997
10095802,Urban,Thistle,Lamium amplexicaule,384,1997
10062757,Agricultural Field,Lambsquarters,Taraxacum officinale,117,2021
10088091,Grassland,Thistle,Stellaria media,100,1997
10056364,Urban,Bermudagrass,Digitaria sanguinalis,389,2016
10057539,Forest,Clover,Stellaria media,8,2017
10032558,Agricultural Field,Nutsedge,Convolvulus arvensis,191,2022
10067418,Agricultural Field,Foxtail,Taraxacum officinale,268,2016
10028343,Urban,Crabgrass,Plantago major,461,2011
10020908,Grassland,Thistle,Cirsium arvense,190,2013
10013315,Wetland,Bindweed,Centaurea stoebe,133,2004
10030403,Urban,Milkweed,Trifolium repens,434,1992
10049053,Wetland,Dock,Cyperus esculentus,205,1999
10032389,Agricultural Field,Plantain,Rumex crispus,259,2001
10056198,Urban,Groundsel,Plantago major,449,1993
10037892,Agricultural Field,Chickweed,Trifolium repens,422,1996
10002791,Grassland,Pigweed,Cyperus esculentus,261,2007
10016208,Forest,Foxtail,Trifolium repens,162,1996
10014733,Grassland,Henbit,Plantago major,368,1994
10096848,Grassland,Ragweed,Taraxacum officinale,425,2009
10085473,Grassland,Groundsel,Taraxacum officinale,200,2005
10016185,Grassland,Crabgrass,Senecio vulgaris,337,1996
10089287,Agricultural Field,Lambsquarters,Amaranthus retroflexus,405,2012
10042206,Forest,Nutsedge,Plantago major,197,2007
10060004,Grassland,Thistle,Stellaria media,312,2008
10026937,Wetland,Plantain,Trifolium repens,146,2018
10088519,Forest,Plantain,Trifolium repens,88,2009
10078156,Urban,Crabgrass,Setaria faberi,451,2014
10056466,Forest,Crabgrass,Plantago major,411,2001
10000920,Wetland,Pigweed,Lamium amplexicaule,349,2017
10049281,Urban,Goosegrass,Taraxacum officinale,178,2004
10036184,Grassland,Foxtail,Convolvulus arvensis,270,2014
10013339,Wetland,Goosegrass,Centaurea stoebe,342,2005
10096420,Agricultural Field,Crabgrass,Taraxacum officinale,28,2015
10028142,Wetland,Bermudagrass,Digitaria sanguinalis,169,1999
10054716,Agricultural Field,Dock,Convolvulus arvensis,190,2014
10057071,Agricultural Field,Knapweed,Cirsium arvense,1,2005
10048794,Agricultural Field,Dock,Cynodon dactylon,224,2021
10079828,Grassland,Foxtail,Rumex crispus,273,2016
10050467,Grassland,Clover,Asclepias syriaca,99,2010
10090063,Grassland,Clover,Trifolium repens,424,1994
10034031,Wetland,Pigweed,Cynodon dactylon,102,2001
10016725,Urban,Knapweed,Amaranthus retroflexus,4,1999
10091851,Grassland,Goosegrass,Stellaria media,485,2000
10077565,Grassland,Bermudagrass,Asclepias syriaca,110,2019
10082656,Urban,Chickweed,Setaria faberi,132,2017
10049143,Grassland,Quackgrass,Elymus repens,108,2021
10000967,Grassland,Dock,Elymus repens,370,2008
10093369,Grassland,Knapweed,Asclepias syriaca,85,1999
10013825,Wetland,Plantain,Ambrosia artemisiifolia,382,1990
10014590,Forest,Foxtail,Asclepias syriaca,403,2014
10027140,Grassland,Crabgrass,Centaurea stoebe,379,1998
10089105,Agricultural Field,Bermudagrass,Ambrosia artemisiifolia,22,2004
10028790,Urban,Knapweed,Cyperus esculentus,385,2011
10009282,Urban,Nutsedge,Stellaria media,428,2005
10080216,Forest,Plantain,Rumex crispus,377,2005
10015058,Wetland,Clover,Amaranthus retroflexus,31,2005
10018891,Grassland,Ragweed,Centaurea stoebe,131,1998
10031638,Urban,Chickweed,Rumex crispus,463,2009
10011413,Agricultural Field,Clover,Cirsium arvense,139,2006
10062361,Wetland,Thistle,Digitaria sanguinalis,478,2002
10059005,Agricultural Field,Crabgrass,Centaurea stoebe,442,2009
10048725,Grassland,Groundsel,Stellaria media,474,2018
10041322,Forest,Crabgrass,Stellaria media,151,2012
10018871,Forest,Chickweed,Setaria faberi,409,2013
10021747,Grassland,Nutsedge,Senecio vulgaris,488,1991
10042280,Urban,Groundsel,Asclepias syriaca,359,1993
10092263,Agricultural Field,Foxtail,Amaranthus retroflexus,401,2009
10004063,Grassland,Foxtail,Digitaria sanguinalis,269,1997
10028684,Forest,Dock,Stellaria media,169,2023
10068012,Forest,Lambsquarters,Rumex crispus,223,2003
10029588,Agricultural Field,Dock,Amaranthus retroflexus,41,2008
10080419,Agricultural Field,Milkweed,Cyperus esculentus,181,2000
10091454,Forest,Lambsquarters,Elymus repens,250,1992
10023882,Grassland,Milkweed,Cyperus esculentus,43,2006
10076524,Urban,Plantain,Chenopodium album,294,1990
10015728,Grassland,Nutsedge,Digitaria sanguinalis,335,1993
10047599,Urban,Bermudagrass,Senecio vulgaris,202,2020
10063743,Agricultural Field,Henbit,Senecio vulgaris,247,1990
10053523,Wetland,Clover,Senecio vulgaris,75,1999
10051563,Wetland,Ragweed,Rumex crispus,142,2005
10004229,Agricultural Field,Lambsquarters,Elymus repens,199,1998
10012344,Agricultural Field,Knapweed,Amaranthus retroflexus,244,2020
10006318,Grassland,Bindweed,Eleusine indica,120,2009
10010509,Urban,Ragweed,Setaria faberi,355,1993
10032808,Agricultural Field,Ragweed,Plantago major,311,2008
10071554,Forest,Crabgrass,Digitaria sanguinalis,388,2005
10036076,Grassland,Quackgrass,Digitaria sanguinalis,259,2022
10018058,Agricultural Field,Goosegrass,Ambrosia artemisiifolia,9,2005
10086440,Forest,Ragweed,Centaurea stoebe,379,2003
10054905,Grassland,Knapweed,Senecio vulgaris,209,2016
10085429,Urban,Bindweed,Elymus repens,345,2008
10065433,Agricultural Field,Plantain,Setaria faberi,387,2011
10050653,Wetland,Dock,Chenopodium album,40,2014
10053965,Agricultural Field,Bermudagrass,Lamium amplexicaule,166,2017
10015989,Urban,Quackgrass,Eleusine indica,280,2007
10087899,Forest,Plantain,Senecio vulgaris,498,1999
10061221,Forest,Knapweed,Cirsium arvense,125,2007
10066178,Forest,Knapweed,Digitaria sanguinalis,453,2023
10088584,Grassland,Bermudagrass,Senecio vulgaris,328,1996
10021511,Grassland,Bindweed,Rumex crispus,127,2015
10088332,Urban,Dock,Senecio vulgaris,50,2003
10076506,Urban,Lambsquarters,Eleusine indica,131,2004
10071374,Forest,Chickweed,Trifolium repens,196,2000
10033331,Wetland,Thistle,Senecio vulgaris,69,2009
10095598,Grassland,Foxtail,Cirsium arvense,197,2021
10058149,Grassland,Nutsedge,Cirsium arvense,488,1999
10023322,Grassland,Lambsquarters,Setaria faberi,445,2022
10024911,Forest,Milkweed,Setaria faberi,240,2003
10078743,Wetland,Goosegrass,Elymus repens,211,1996
10059291,Grassland,Thistle,Elymus repens,320,1992
10056315,Urban,Clover,Trifolium repens,400,2018
10089821,Forest,Goosegrass,Cyperus esculentus,296,1991
10082492,Wetland,Nutsedge,Centaurea stoebe,293,2013
10070629,Agricultural Field,Goosegrass,Cyperus esculentus,92,2021
10012688,Grassland,Quackgrass,Ambrosia artemisiifolia,376,2003
10050058,Urban,Knapweed,Plantago major,205,2012
10063362,Forest,Knapweed,Plantago major,403,2020
10010683,Grassland,Goosegrass,Trifolium repens,465,1992
10066583,Forest,Ragweed,Cirsium arvense,54,2008
10066986,Wetland,Pigweed,Cynodon dactylon,69,2023
10053401,Grassland,Milkweed,Taraxacum officinale,108,1998
10001243,Forest,Dandelion,Cirsium arvense,83,2019
10079041,Forest,Lambsquarters,Amaranthus retroflexus,465,2002
10086869,Wetland,Ragweed,Amaranthus retroflexus,201,2018
10006566,Forest,Foxtail,Plantago major,348,1996
10058538,Forest,Pigweed,Trifolium repens,434,2005
10029644,Agricultural Field,Pigweed,Trifolium repens,264,1998
10006586,Urban,Nutsedge,Plantago major,82,2017
10055064,Grassland,Quackgrass,Ambrosia artemisiifolia,338,2013
10029947,Grassland,Quackgrass,Eleusine indica,150,2000
10043100,Urban,Goosegrass,Setaria faberi,100,2009
10025077,Grassland,Quackgrass,Stellaria media,297,1994
10073355,Forest,Dock,Plantago major,120,1994
10020319,Wetland,Ragweed,Convolvulus arvensis,225,1996
10061625,Wetland,Ragweed,Stellaria media,282,1994
10015429,Agricultural Field,Quackgrass,Ambrosia artemisiifolia,103,2009
10096830,Urban,Knapweed,Elymus repens,500,2003
10014788,Grassland,Groundsel,Eleusine indica,487,2006
10010399,Wetland,Foxtail,Cirsium arvense,185,1997
10043951,Agricultural Field,Crabgrass,Senecio vulgaris,167,2003
10063478,Forest,Nutsedge,Stellaria media,161,1999
10048329,Agricultural Field,Ragweed,Plantago major,359,2009
10078034,Agricultural Field,Chickweed,Ambrosia artemisiifolia,159,2007
10045559,Agricultural Field,Lambsquarters,Trifolium repens,175,2017
10027722,Wetland,Chickweed,Cyperus esculentus,470,2019
10039292,Urban,Thistle,Amaranthus retroflexus,354,2018
10009892,Urban,Dandelion,Asclepias syriaca,42,2005
10038079,Grassland,Quackgrass,Elymus repens,312,2003
10013693,Wetland,Milkweed,Senecio vulgaris,197,1990
10088198,Forest,Henbit,Elymus repens,19,2021
10045504,Urban,Lambsquarters,Lamium amplexicaule,112,2004
10093777,Wetland,Goosegrass,Cirsium arvense,14,2012
10081915,Agricultural Field,Milkweed,Rumex crispus,28,2003
10038499,Forest,Bermudagrass,Senecio vulgaris,314,1991
10002057,Wetland,Henbit,Senecio vulgaris,348,2023
10089435,Agricultural Field,Clover,Cynodon dactylon,304,1990
10092822,Agricultural Field,Lambsquarters,Ambrosia artemisiifolia,496,2017
10066466,Wetland,Lambsquarters,Rumex crispus,144,1992
10024834,Forest,Knapweed,Amaranthus retroflexus,44,1999
10095255,Grassland,Henbit,Senecio vulgaris,103,2000
10021448,Forest,Knapweed,Elymus repens,454,1991
10016915,Agricultural Field,Nutsedge,Senecio vulgaris,235,2008
10085036,Wetland,Crabgrass,Eleusine indica,156,2023
10031898,Forest,Foxtail,Rumex crispus,467,1992
10003037,Wetland,Knapweed,Senecio vulgaris,78,2018
10031855,Grassland,Henbit,Setaria faberi,83,1996
10085792,Urban,Bermudagrass,Taraxacum officinale,86,2022
10036093,Wetland,Nutsedge,Digitaria sanguinalis,320,1992
10075722,Wetland,Bindweed,Ambrosia artemisiifolia,123,2006
10021891,Grassland,Lambsquarters,Rumex crispus,203,2015
10016466,Wetland,Crabgrass,Asclepias syriaca,267,1991
10022591,Forest,Pigweed,Eleusine indica,116,2019
10092227,Forest,Dandelion,Asclepias syriaca,428,2010
10088310,Grassland,Chickweed,Senecio vulgaris,172,2003
10090378,Agricultural Field,Thistle,Ambrosia artemisiifolia,347,2010
10043245,Grassland,Milkweed,Stellaria media,223,2002
10096651,Forest,Plantain,Setaria faberi,4,1995
10016240,Agricultural Field,Pigweed,Digitaria sanguinalis,199,1997
10092480,Agricultural Field,Bindweed,Asclepias syriaca,321,1990
10019395,Urban,Quackgrass,Rumex crispus,418,2013
10090864,Grassland,Crabgrass,Senecio vulgaris,133,1998
10001712,Grassland,Bindweed,Trifolium repens,232,2014
10025538,Forest,Chickweed,Eleusine indica,455,1991
10041022,Wetland,Clover,Taraxacum officinale,394,1995
10016974,Grassland,Milkweed,Eleusine indica,262,1996
10078782,Urban,Lambsquarters,Digitaria sanguinalis,422,1992
10059361,Forest,Quackgrass,Senecio vulgaris,341,2001
10052450,Grassland,Dandelion,Cirsium arvense,3,2009
10080687,Grassland,Nutsedge,Taraxacum officinale,232,1991
10059471,Agricultural Field,Chickweed,Centaurea stoebe,98,2016
10018363,Urban,Foxtail,Ambrosia artemisiifolia,445,2001
10092257,Urban,Pigweed,Digitaria sanguinalis,9,2009
10050217,Agricultural Field,Foxtail,Cirsium arvense,132,2002
10065202,Wetland,Knapweed,Plantago major,36,1995
10022527,Forest,Milkweed,Cynodon dactylon,357,2005
10025218,Wetland,Lambsquarters,Plantago major,495,2006
10041578,Wetland,Goosegrass,Stellaria media,29,2011
10006477,Urban,Chickweed,Stellaria media,6,2004
10062550,Grassland,Thistle,Cynodon dactylon,250,2000
10088479,Forest,Dock,Rumex crispus,497,2001
10018892,Grassland,Quackgrass,Cynodon dactylon,416,2000
10001926,Wetland,Chickweed,Plantago major,253,1994
10083748,Urban,Foxtail,Centaurea stoebe,240,2013
10040185,Urban,Lambsquarters,Asclepias syriaca,132,2008
10056689,Urban,Lambsquarters,Stellaria media,129,1999
10069806,Grassland,Clover,Chenopodium album,102,2010
10060904,Grassland,Dandelion,Setaria faberi,154,2015
10052558,Grassland,Pigweed,Plantago major,418,2011
10044629,Grassland,Clover,Rumex crispus,24,1995
10017893,Grassland,Crabgrass,Eleusine indica,334,1994
10002635,Forest,Crabgrass,Centaurea stoebe,39,2011
10054273,Agricultural Field,Ragweed,Cirsium arvense,416,1993
10071992,Grassland,Plantain,Ambrosia artemisiifolia,402,1994
10052217,Wetland,Clover,Eleusine indica,418,1993
10089479,Grassland,Ragweed,Asclepias syriaca,58,1994
10081981,Agricultural Field,Bermudagrass,Senecio vulgaris,266,1992
10019828,Forest,Thistle,Taraxacum officinale,131,2001
10045961,Agricultural Field,Groundsel,Amaranthus retroflexus,23,2007
10029184,Agricultural Field,Ragweed,Stellaria media,363,1992
10010667,Grassland,Goosegrass,Cyperus esculentus,259,2004
10018174,Grassland,Ragweed,Cyperus esculentus,349,1995
10051123,Agricultural Field,Henbit,Convolvulus arvensis,322,1996
10091311,Grassland,Groundsel,Cyperus esculentus,111,1991
10080442,Urban,Chickweed,Senecio vulgaris,312,1998
10056208,Forest,Pigweed,Eleusine indica,134,1996
10053912,Urban,Milkweed,Ambrosia artemisiifolia,30,1990
10009546,Urban,Lambsquarters,Eleusine indica,310,2019
10057168,Forest,Foxtail,Rumex crispus,313,2007
10067887,Grassland,Bermudagrass,Stellaria media,76,1991
10038899,Agricultural Field,Nutsedge,Senecio vulgaris,417,2018
10049487,Grassland,Knapweed,Amaranthus retroflexus,379,1999
10060107,Agricultural Field,Nutsedge,Plantago major,357,2008
10000690,Urban,Foxtail,Chenopodium album,299,2004
10051945,Forest,Lambsquarters,Ambrosia artemisiifolia,12,1990
10033111,Agricultural Field,Foxtail,Lamium amplexicaule,131,1992
10017794,Wetland,Knapweed,Lamium amplexicaule,276,2018
10071964,Forest,Chickweed,Cirsium arvense,349,2001
10065409,Wetland,Ragweed,Chenopodium album,403,2016
10029874,Grassland,Lambsquarters,Asclepias syriaca,237,2017
10021280,Agricultural Field,Goosegrass,Senecio vulgaris,134,2016
10014425,Agricultural Field,Pigweed,Chenopodium album,321,2003
10013957,Wetland,Crabgrass,Centaurea stoebe,128,1991
10031637,Urban,Plantain,Amaranthus retroflexus,196,1997
10090709,Urban,Bermudagrass,Lamium amplexicaule,217,2004
10039621,Urban,Crabgrass,Cirsium arvense,128,2002
10017990,Urban,Lambsquarters,Cynodon dactylon,241,2022
10094707,Forest,Goosegrass,Cyperus esculentus,149,1996
10024195,Urban,Bindweed,Cynodon dactylon,115,2008
10081767,Grassland,Groundsel,Eleusine indica,8,2015
10052894,Urban,Foxtail,Ambrosia artemisiifolia,3,2004
10008757,Urban,Goosegrass,Senecio vulgaris,491,1993
10045180,Grassland,Knapweed,Eleusine indica,166,1999
10080624,Urban,Milkweed,Elymus repens,125,1991
10064275,Urban,Nutsedge,Lamium amplexicaule,392,2017
10097049,Wetland,Lambsquarters,Cynodon dactylon,141,2009
10039290,Agricultural Field,Dock,Plantago major,319,1996
10008692,Wetland,Ragweed,Cirsium arvense,27,2001
10094231,Wetland,Nutsedge,Senecio vulgaris,154,2011
10091800,Agricultural Field,Clover,Digitaria sanguinalis,204,2001
10042293,Agricultural Field,Ragweed,Cynodon dactylon,140,2007
10016305,Forest,Bindweed,Stellaria media,55,2018
10014764,Urban,Plantain,Rumex crispus,464,2012
10001912,Forest,Dock,Taraxacum officinale,71,1993
10008974,Forest,Lambsquarters,Plantago major,302,2012
10059855,Forest,Chickweed,Ambrosia artemisiifolia,220,1994
10055657,Agricultural Field,Pigweed,Rumex crispus,443,2007
10071647,Urban,Quackgrass,Plantago major,425,2001
10045289,Grassland,Plantain,Rumex crispus,304,2009
10038717,Wetland,Groundsel,Trifolium repens,448,2017
10073327,Wetland,Pigweed,Rumex crispus,388,1996
10021132,Grassland,Crabgrass,Chenopodium album,46,1992
10018403,Forest,Thistle,Taraxacum officinale,198,2010
10075609,Agricultural Field,Plantain,Digitaria sanguinalis,160,1992
10021218,Wetland,Bindweed,Rumex crispus,367,2002
10045712,Agricultural Field,Nutsedge,Asclepias syriaca,331,1999
10049796,Urban,Bermudagrass,Stellaria media,306,2000
10092316,Grassland,Milkweed,Setaria faberi,148,2015
10072141,Agricultural Field,Quackgrass,Centaurea stoebe,82,2015
10005490,Wetland,Bermudagrass,Amaranthus retroflexus,245,1997
10044879,Grassland,Thistle,Cynodon dactylon,57,1996
10064650,Forest,Groundsel,Amaranthus retroflexus,115,2011
10067229,Urban,Dock,Centaurea stoebe,61,1990
10058579,Agricultural Field,Milkweed,Trifolium repens,483,2020
10017609,Forest,Nutsedge,Taraxacum officinale,200,1995
10086980,Agricultural Field,Pigweed,Asclepias syriaca,423,2023
10041701,Agricultural Field,Thistle,Asclepias syriaca,208,2000
10065595,Agricultural Field,Crabgrass,Stellaria media,485,2003
10039508,Grassland,Pigweed,Taraxacum officinale,312,2006
10028417,Grassland,Dandelion,Digitaria sanguinalis,203,2021
10050877,Urban,Pigweed,Elymus repens,281,1990
10009060,Urban,Lambsquarters,Rumex crispus,84,1993
10014904,Forest,Groundsel,Cirsium arvense,353,2023
10055441,Wetland,Milkweed,Setaria faberi,275,1999
10056143,Agricultural Field,Chickweed,Elymus repens,268,1993
10065349,Wetland,Dock,Centaurea stoebe,116,2018
10009594,Forest,Pigweed,Amaranthus retroflexus,35,2022
10014264,Agricultural Field,Bindweed,Setaria faberi,220,2002
10004009,Grassland,Knapweed,Asclepias syriaca,455,2000
10074047,Grassland,Knapweed,Trifolium repens,92,2020
10027456,Agricultural Field,Goosegrass,Cyperus esculentus,166,2006
10037212,Urban,Knapweed,Chenopodium album,194,2000
10028236,Urban,Ragweed,Trifolium repens,37,2004
10094369,Urban,Dock,Cynodon dactylon,413,2020
10068698,Grassland,Groundsel,Trifolium repens,174,2018
10035964,Wetland,Foxtail,Cyperus esculentus,328,2022
10003078,Urban,Plantain,Plantago major,386,1998
10008925,Agricultural Field,Crabgrass,Setaria faberi,138,2004
10069776,Grassland,Knapweed,Rumex crispus,280,2008
10085170,Wetland,Milkweed,Stellaria media,90,2011
10044008,Urban,Quackgrass,Senecio vulgaris,392,2008
10001164,Forest,Foxtail,Lamium amplexicaule,208,1994
10069003,Grassland,Milkweed,Plantago major,324,2020
10030106,Urban,Thistle,Cyperus esculentus,286,2002
10050775,Wetland,Ragweed,Centaurea stoebe,334,2012
10073347,Agricultural Field,Bindweed,Elymus repens,317,2009
10064856,Grassland,Pigweed,Asclepias syriaca,458,2004
10063607,Wetland,Clover,Stellaria media,39,2017
10063075,Wetland,Ragweed,Chenopodium album,369,1998
10048418,Forest,Chickweed,Convolvulus arvensis,338,2017
10095909,Agricultural Field,Milkweed,Taraxacum officinale,50,2020
10015856,Forest,Foxtail,Asclepias syriaca,248,2018
10069217,Grassland,Thistle,Plantago major,113,2022
10009105,Agricultural Field,Chickweed,Trifolium repens,318,1993
10089217,Wetland,Dock,Cirsium arvense,326,2012
10011468,Wetland,Ragweed,Amaranthus retroflexus,198,2003
10069921,Grassland,Foxtail,Chenopodium album,106,2013
10005078,Urban,Dock,Convolvulus arvensis,476,1993
10037784,Agricultural Field,Henbit,Digitaria sanguinalis,189,2014
10077388,Urban,Dock,Plantago major,329,1995
10064953,Agricultural Field,Henbit,Lamium amplexicaule,37,2016
10071455,Urban,Groundsel,Amaranthus retroflexus,118,1999
10006018,Forest,Pigweed,Setaria faberi,76,2002
10085870,Grassland,Bermudagrass,Plantago major,289,1991
10023710,Urban,Bindweed,Eleusine indica,98,2010
10027677,Wetland,Goosegrass,Cyperus esculentus,93,1993
10088227,Wetland,Milkweed,Digitaria sanguinalis,381,1991
10069774,Grassland,Thistle,Senecio vulgaris,470,2001
10085089,Agricultural Field,Goosegrass,Trifolium repens,149,2013
10075585,Agricultural Field,Plantain,Senecio vulgaris,366,2022
10084166,Forest,Plantain,Asclepias syriaca,277,1999
10061911,Wetland,Bindweed,Plantago major,121,2021
10064397,Wetland,Plantain,Senecio vulgaris,303,1999
10026264,Forest,Foxtail,Amaranthus retroflexus,221,2014
10097296,Grassland,Bindweed,Digitaria sanguinalis,345,2020
10086323,Agricultural Field,Bindweed,Trifolium repens,267,2010
10042039,Urban,Bermudagrass,Stellaria media,26,2012
10007398,Forest,Ragweed,Lamium amplexicaule,382,2017
10012827,Forest,Nutsedge,Chenopodium album,439,2017
10057914,Wetland,Groundsel,Trifolium repens,185,2006
10035222,Agricultural Field,Nutsedge,Stellaria media,5,2005
10049633,Agricultural Field,Plantain,Eleusine indica,334,2002
10010999,Urban,Nutsedge,Cyperus esculentus,470,2001
10088453,Urban,Milkweed,Convolvulus arvensis,470,2003
10092549,Agricultural Field,Dock,Centaurea stoebe,7,2020
10068952,Urban,Clover,Ambrosia artemisiifolia,170,1997
10061414,Forest,Henbit,Setaria faberi,292,2019
10084578,Grassland,Clover,Taraxacum officinale,158,2010
10047649,Urban,Clover,Trifolium repens,139,2020
10038202,Agricultural Field,Thistle,Elymus repens,228,2012
10046615,Urban,Goosegrass,Elymus repens,222,2003
10023809,Wetland,Ragweed,Digitaria sanguinalis,365,1993
10097467,Forest,Dock,Elymus repens,172,2013
10079556,Grassland,Plantain,Digitaria sanguinalis,103,2019
10043326,Wetland,Groundsel,Rumex crispus,328,2008
10022406,Forest,Pigweed,Senecio vulgaris,219,2010
10048479,Urban,Goosegrass,Plantago major,120,2023
10068581,Forest,Ragweed,Convolvulus arvensis,393,2002
10069726,Agricultural Field,Ragweed,Chenopodium album,313,2001
10041949,Grassland,Bermudagrass,Rumex crispus,406,2008
10023752,Grassland,Dock,Senecio vulgaris,112,1995
10041893,Agricultural Field,Lambsquarters,Lamium amplexicaule,422,2013
10011603,Wetland,Dock,Trifolium repens,361,2020
10047377,Forest,Milkweed,Cirsium arvense,442,1997
10092590,Wetland,Nutsedge,Chenopodium album,251,2011
10061335,Forest,Nutsedge,Stellaria media,408,2009
10049515,Wetland,Bermudagrass,Rumex crispus,280,2009
10008797,Grassland,Bermudagrass,Rumex crispus,272,2007
10010973,Agricultural Field,Knapweed,Lamium amplexicaule,382,2022
10054224,Forest,Quackgrass,Stellaria media,266,1997
10056919,Wetland,Quackgrass,Stellaria media,15,2011
10091700,Grassland,Bermudagrass,Ambrosia artemisiifolia,88,2016
10053532,Forest,Crabgrass,Rumex crispus,439,2018
10066370,Forest,Knapweed,Ambrosia artemisiifolia,366,1993
10014364,Forest,Ragweed,Digitaria sanguinalis,414,2016
10051641,Urban,Nutsedge,Setaria faberi,203,2019
10094347,Grassland,Crabgrass,Rumex crispus,312,1992
10046626,Urban,Quackgrass,Convolvulus arvensis,108,2016
10001230,Grassland,Bermudagrass,Lamium amplexicaule,77,2000
10070348,Grassland,Goosegrass,Rumex crispus,57,2002
10028578,Urban,Pigweed,Stellaria media,271,1998
10086218,Grassland,Nutsedge,Ambrosia artemisiifolia,237,1999
10006598,Wetland,Goosegrass,Elymus repens,223,2011
10063400,Wetland,Ragweed,Eleusine indica,272,2004
10093677,Forest,Dandelion,Stellaria media,334,2013
10070624,Wetland,Foxtail,Convolvulus arvensis,134,2011
10001929,Wetland,Foxtail,Cyperus esculentus,261,1991
10083843,Urban,Groundsel,Cynodon dactylon,444,1993
10036408,Agricultural Field,Plantain,Convolvulus arvensis,207,2011
10060057,Wetland,Milkweed,Elymus repens,81,2007
10015838,Agricultural Field,Foxtail,Elymus repens,396,2021
10097774,Agricultural Field,Crabgrass,Digitaria sanguinalis,280,2011
10085634,Urban,Pigweed,Elymus repens,378,1999
10067740,Urban,Quackgrass,Taraxacum officinale,87,2003
10006123,Agricultural Field,Pigweed,Convolvulus arvensis,437,2006
10000655,Agricultural Field,Groundsel,Eleusine indica,217,1993
10047756,Grassland,Clover,Cynodon dactylon,59,2010
10094170,Urban,Dock,Taraxacum officinale,28,2016
10021481,Urban,Bindweed,Cirsium arvense,235,1997
10065959,Grassland,Quackgrass,Taraxacum officinale,293,1992
10059857,Wetland,Henbit,Taraxacum officinale,375,1994
10042882,Agricultural Field,Knapweed,Centaurea stoebe,475,1997
10037068,Urban,Groundsel,Chenopodium album,316,2013
10068352,Agricultural Field,Groundsel,Chenopodium album,388,2014
10069845,Urban,Nutsedge,Asclepias syriaca,152,2016
10080140,Urban,Ragweed,Chenopodium album,88,2002
10066924,Wetland,Bindweed,Amaranthus retroflexus,302,2001
10035426,Urban,Groundsel,Eleusine indica,31,2008
10050778,Agricultural Field,Goosegrass,Senecio vulgaris,291,2020
10010068,Urban,Lambsquarters,Stellaria media,144,2023
10013267,Grassland,Plantain,Plantago major,130,1994
10075290,Wetland,Milkweed,Ambrosia artemisiifolia,15,1994
10002626,Agricultural Field,Pigweed,Cynodon dactylon,445,2017
10020708,Wetland,Nutsedge,Rumex crispus,249,2000
10053492,Urban,Chickweed,Digitaria sanguinalis,148,2002
10050843,Urban,Pigweed,Senecio vulgaris,348,2013
10007690,Wetland,Goosegrass,Convolvulus arvensis,152,2018
10038136,Wetland,Plantain,Amaranthus retroflexus,54,2004
10015015,Agricultural Field,Plantain,Rumex crispus,36,2010
10079029,Wetland,Milkweed,Trifolium repens,404,2012
10059859,Forest,Dandelion,Trifolium repens,78,2012
10081074,Wetland,Groundsel,Cirsium arvense,77,2004
10074314,Wetland,Thistle,Setaria faberi,40,2006
10078975,Grassland,Knapweed,Plantago major,208,2002
10088099,Wetland,Bindweed,Senecio vulgaris,373,2005
10043317,Agricultural Field,Groundsel,Cynodon dactylon,101,2005
10042763,Grassland,Dock,Lamium amplexicaule,118,1991
10028202,Urban,Ragweed,Centaurea stoebe,214,2002
10011179,Agricultural Field,Quackgrass,Convolvulus arvensis,302,2009
10092345,Agricultural Field,Nutsedge,Stellaria media,349,1994
10047342,Forest,Groundsel,Stellaria media,121,1995
10096793,Urban,Pigweed,Digitaria sanguinalis,413,2020
10011973,Forest,Bermudagrass,Lamium amplexicaule,71,1992
10010138,Wetland,Dock,Senecio vulgaris,493,2019
10008416,Agricultural Field,Bindweed,Cyperus esculentus,274,2018
10044520,Grassland,Bindweed,Elymus repens,352,2000
10081479,Grassland,Chickweed,Senecio vulgaris,497,2023
10043379,Urban,Goosegrass,Asclepias syriaca,304,2013
10007308,Forest,Henbit,Chenopodium album,180,2007
10045909,Urban,Quackgrass,Trifolium repens,123,1997
10020048,Urban,Lambsquarters,Stellaria media,94,2004
10051199,Wetland,Pigweed,Trifolium repens,308,2008
10043304,Urban,Clover,Senecio vulgaris,184,2019
10076899,Agricultural Field,Groundsel,Senecio vulgaris,116,2005
10011538,Wetland,Goosegrass,Rumex crispus,30,2016
10049682,Agricultural Field,Groundsel,Setaria faberi,382,2006
10065142,Wetland,Plantain,Rumex crispus,320,1991
10061851,Agricultural Field,Dandelion,Taraxacum officinale,393,2013
10076193,Grassland,Milkweed,Cynodon dactylon,110,2017
10091831,Agricultural Field,Clover,Stellaria media,161,2023
10043486,Forest,Bindweed,Amaranthus retroflexus,287,2017
10072606,Grassland,Clover,Ambrosia artemisiifolia,45,2019
10073410,Agricultural Field,Nutsedge,Taraxacum officinale,470,1993
10084909,Urban,Dandelion,Stellaria media,106,1995
10023550,Urban,Pigweed,Plantago major,278,2023
10013371,Grassland,Dandelion,Amaranthus retroflexus,161,1999
10008483,Grassland,Dandelion,Cirsium arvense,364,1991
10064554,Grassland,Ragweed,Cirsium arvense,465,2022
10041216,Agricultural Field,Plantain,Taraxacum officinale,218,2008
10080556,Agricultural Field,Ragweed,Cynodon dactylon,66,2012
10094477,Wetland,Pigweed,Eleusine indica,179,2017
10015592,Wetland,Lambsquarters,Asclepias syriaca,492,1995
10085203,Forest,Bermudagrass,Amaranthus retroflexus,90,1998
10089276,Agricultural Field,Ragweed,Eleusine indica,156,2001
10053438,Wetland,Ragweed,Amaranthus retroflexus,392,2016
10076335,Urban,Clover,Cynodon dactylon,168,1997
10020893,Forest,Nutsedge,Digitaria sanguinalis,266,2014
10029309,Grassland,Milkweed,Cynodon dactylon,478,2008
10003320,Forest,Foxtail,Amaranthus retroflexus,464,1994
10029614,Wetland,Thistle,Taraxacum officinale,190,1998
10023736,Agricultural Field,Goosegrass,Amaranthus retroflexus,418,2011
10054361,Agricultural Field,Chickweed,Rumex crispus,374,2010
10072700,Grassland,Dandelion,Digitaria sanguinalis,8,2023
10037429,Wetland,Milkweed,Cynodon dactylon,489,2019
10068733,Forest,Thistle,Convolvulus arvensis,204,2003
10041748,Agricultural Field,Chickweed,Convolvulus arvensis,54,1993
10040252,Urban,Milkweed,Cirsium arvense,359,2021
10024743,Urban,Ragweed,Amaranthus retroflexus,225,2014
10041608,Forest,Bindweed,Convolvulus arvensis,475,2007
10030891,Grassland,Thistle,Chenopodium album,137,2009
10022443,Grassland,Lambsquarters,Elymus repens,103,2015
10030845,Forest,Crabgrass,Chenopodium album,204,2007
10053264,Wetland,Foxtail,Cyperus esculentus,467,1999
10051468,Forest,Groundsel,Cyperus esculentus,106,2022
10089468,Urban,Plantain,Stellaria media,341,2009
10031778,Grassland,Pigweed,Chenopodium album,50,2007
10036888,Wetland,Chickweed,Digitaria sanguinalis,390,2007
10001363,Agricultural Field,Crabgrass,Chenopodium album,189,2020
10092688,Grassland,Crabgrass,Senecio vulgaris,57,2020
10072015,Grassland,Milkweed,Rumex crispus,38,2008
10088665,Grassland,Clover,Setaria faberi,95,2011
10086442,Forest,Crabgrass,Centaurea stoebe,282,2001
10089399,Grassland,Henbit,Eleusine indica,102,2009
10016137,Wetland,Knapweed,Eleusine indica,283,1990
10052468,Grassland,Thistle,Taraxacum officinale,265,2021
10012686,Agricultural Field,Goosegrass,Senecio vulgaris,396,1993
10025556,Agricultural Field,Plantain,Taraxacum officinale,366,2005
10088011,Urban,Clover,Cirsium arvense,298,2001
10044808,Urban,Plantain,Centaurea stoebe,128,2020
10038243,Agricultural Field,Ragweed,Convolvulus arvensis,201,2017
10042449,Wetland,Dandelion,Convolvulus arvensis,331,2002
10049197,Forest,Nutsedge,Plantago major,54,2020
10068106,Forest,Foxtail,Rumex crispus,460,2021
10075479,Forest,Henbit,Lamium amplexicaule,295,2019
10075922,Wetland,Goosegrass,Rumex crispus,41,2006
10022273,Urban,Nutsedge,Ambrosia artemisiifolia,418,2008
10081029,Agricultural Field,Knapweed,Trifolium repens,4,2005
10085976,Urban,Milkweed,Eleusine indica,471,1991
10058159,Forest,Dandelion,Ambrosia artemisiifolia,457,2005
10035475,Urban,Bindweed,Lamium amplexicaule,117,2011
10004765,Agricultural Field,Plantain,Rumex crispus,310,1991
10045992,Forest,Knapweed,Trifolium repens,422,2001
10054068,Urban,Clover,Cynodon dactylon,41,2008
10031158,Agricultural Field,Chickweed,Stellaria media,188,2011
10000968,Grassland,Nutsedge,Asclepias syriaca,365,2020
10027254,Agricultural Field,Ragweed,Convolvulus arvensis,382,2007
10092827,Agricultural Field,Bermudagrass,Ambrosia artemisiifolia,353,2002
10091335,Grassland,Dandelion,Trifolium repens,212,1999
10004238,Wetland,Chickweed,Rumex crispus,92,1996
10080921,Urban,Crabgrass,Senecio vulgaris,389,1994
10032702,Forest,Bermudagrass,Trifolium repens,188,2008
10027771,Urban,Bindweed,Asclepias syriaca,340,1991
10089765,Wetland,Bermudagrass,Ambrosia artemisiifolia,423,2013
10035049,Forest,Lambsquarters,Chenopodium album,477,1997
10068587,Urban,Dandelion,Rumex crispus,127,2005
10026745,Forest,Lambsquarters,Trifolium repens,147,1993
10062679,Agricultural Field,Ragweed,Lamium amplexicaule,223,2023
10023831,Grassland,Goosegrass,Chenopodium album,463,2009
10059816,Forest,Dock,Amaranthus retroflexus,116,1997
10029012,Grassland,Henbit,Rumex crispus,499,2020
10033794,Forest,Knapweed,Digitaria sanguinalis,167,2023
10030241,Wetland,Quackgrass,Plantago major,420,2022
10029772,Agricultural Field,Dandelion,Plantago major,409,1995
10001220,Forest,Ragweed,Centaurea stoebe,94,1992
10026544,Wetland,Milkweed,Cirsium arvense,448,2002
10084113,Agricultural Field,Pigweed,Asclepias syriaca,130,2007
10020962,Grassland,Pigweed,Trifolium repens,419,2019
10066722,Wetland,Dock,Cirsium arvense,455,2001
10005852,Grassland,Henbit,Convolvulus arvensis,457,1991
10063469,Urban,Ragweed,Convolvulus arvensis,345,1994
10049367,Forest,Nutsedge,Eleusine indica,196,2008
10070820,Wetland,Plantain,Cirsium arvense,275,2019
10028355,Grassland,Nutsedge,Rumex crispus,206,2017
10070798,Agricultural Field,Ragweed,Lamium amplexicaule,411,2018
10023316,Grassland,Goosegrass,Cyperus esculentus,163,1994
10055394,Agricultural Field,Foxtail,Cynodon dactylon,429,1997
10024619,Forest,Goosegrass,Plantago major,94,1998
10063636,Agricultural Field,Quackgrass,Senecio vulgaris,309,1995
10004773,Agricultural Field,Nutsedge,Plantago major,284,1990
10054311,Wetland,Bermudagrass,Trifolium repens,428,1996
10062470,Grassland,Ragweed,Senecio vulgaris,108,1990
10088660,Grassland,Crabgrass,Cirsium arvense,97,2012
10011938,Agricultural Field,Dock,Ambrosia artemisiifolia,221,1996
10071712,Urban,Bindweed,Digitaria sanguinalis,197,1991
10062194,Agricultural Field,Dandelion,Cyperus esculentus,293,1990
10095709,Wetland,Pigweed,Cynodon dactylon,454,2010
10069383,Wetland,Plantain,Cyperus esculentus,195,1995
10058914,Agricultural Field,Ragweed,Lamium amplexicaule,25,2015
10004024,Urban,Plantain,Amaranthus retroflexus,282,1990
10023133,Agricultural Field,Quackgrass,Centaurea stoebe,269,1994
10083133,Forest,Plantain,Centaurea stoebe,85,2018
10025583,Urban,Plantain,Asclepias syriaca,416,2009
10008961,Forest,Henbit,Ambrosia artemisiifolia,156,1999
10010869,Forest,Clover,Cyperus esculentus,210,1995
10033121,Urban,Foxtail,Rumex crispus,115,2020
10002224,Urban,Crabgrass,Amaranthus retroflexus,261,2014
10086430,Wetland,Clover,Plantago major,30,2018
10003487,Forest,Nutsedge,Plantago major,411,2010
10036204,Wetland,Clover,Plantago major,241,1994
10054682,Agricultural Field,Nutsedge,Cirsium arvense,275,2006
10039329,Urban,Chickweed,Convolvulus arvensis,402,1991
10091330,Agricultural Field,Milkweed,Cynodon dactylon,228,2007
10026757,Wetland,Lambsquarters,Convolvulus arvensis,200,2011
10001300,Agricultural Field,Dock,Taraxacum officinale,405,2010
10029767,Forest,Crabgrass,Taraxacum officinale,445,2015
10041587,Agricultural Field,Nutsedge,Taraxacum officinale,12,2001
10018874,Forest,Knapweed,Asclepias syriaca,67,2007
10072661,Wetland,Dandelion,Elymus repens,228,1997
10036624,Forest,Crabgrass,Digitaria sanguinalis,314,2015
10038611,Forest,Lambsquarters,Cyperus esculentus,403,2013
10031525,Urban,Groundsel,Elymus repens,297,1993
10081085,Wetland,Chickweed,Asclepias syriaca,481,2016
10029238,Wetland,Bindweed,Taraxacum officinale,175,2013
10013949,Grassland,Groundsel,Chenopodium album,360,2003
10081583,Wetland,Dandelion,Plantago major,268,2003
10037283,Agricultural Field,Chickweed,Rumex crispus,165,1990
10084907,Wetland,Nutsedge,Ambrosia artemisiifolia,217,2000
10064720,Forest,Foxtail,Setaria faberi,250,2010
10060032,Forest,Clover,Amaranthus retroflexus,480,1998
10047710,Agricultural Field,Nutsedge,Chenopodium album,451,2011
10063238,Urban,Quackgrass,Chenopodium album,140,1997
10058797,Grassland,Thistle,Cyperus esculentus,179,2017
10079882,Urban,Dandelion,Digitaria sanguinalis,306,2004
10068982,Grassland,Milkweed,Plantago major,169,2018
10060130,Grassland,Ragweed,Plantago major,460,1999
10093840,Agricultural Field,Plantain,Trifolium repens,151,1999
10031716,Wetland,Lambsquarters,Taraxacum officinale,165,2001
10029171,Grassland,Ragweed,Taraxacum officinale,99,1999
10096397,Urban,Chickweed,Cyperus esculentus,257,2002
10007321,Wetland,Milkweed,Convolvulus arvensis,305,2001
10090009,Forest,Lambsquarters,Chenopodium album,204,2001
10058172,Urban,Chickweed,Convolvulus arvensis,447,1998
10096402,Urban,Lambsquarters,Digitaria sanguinalis,448,2013
10065339,Wetland,Foxtail,Cyperus esculentus,238,2002
10039732,Forest,Dandelion,Setaria faberi,262,1996
10005204,Agricultural Field,Thistle,Taraxacum officinale,348,1991
10070927,Wetland,Dandelion,Trifolium repens,155,1997
10017641,Forest,Milkweed,Lamium amplexicaule,257,2015
10006668,Grassland,Chickweed,Cyperus esculentus,56,2020
10015766,Urban,Crabgrass,Cynodon dactylon,162,2004
10058852,Urban,Knapweed,Rumex crispus,385,2008
10022991,Agricultural Field,Ragweed,Centaurea stoebe,54,2013
10036497,Wetland,Crabgrass,Elymus repens,345,1998
10067128,Urban,Quackgrass,Convolvulus arvensis,93,1991
10015330,Grassland,Thistle,Centaurea stoebe,164,1999
10054218,Grassland,Plantain,Stellaria media,461,2015
10095745,Grassland,Dock,Asclepias syriaca,455,2017
10022238,Urban,Clover,Cyperus esculentus,407,2003
10058193,Urban,Chickweed,Cirsium arvense,362,2009
10026094,Grassland,Clover,Chenopodium album,204,2018
10011016,Grassland,Pigweed,Stellaria media,164,1998
10089769,Forest,Ragweed,Cynodon dactylon,283,2006
10033677,Urban,Henbit,Cirsium arvense,63,1998
10033493,Urban,Milkweed,Eleusine indica,335,2000
10065530,Urban,Knapweed,Senecio vulgaris,123,2006
10062622,Grassland,Crabgrass,Amaranthus retroflexus,219,1997
10095246,Agricultural Field,Ragweed,Plantago major,420,2008
10058842,Urban,Plantain,Centaurea stoebe,312,2001
10009804,Forest,Crabgrass,Trifolium repens,256,2003
10024738,Forest,Lambsquarters,Trifolium repens,181,1995
10047254,Grassland,Bindweed,Cynodon dactylon,244,1991
10094911,Wetland,Dandelion,Chenopodium album,233,2023
10043383,Forest,Clover,Eleusine indica,138,2001
10081189,Wetland,Groundsel,Eleusine indica,455,2010
10050667,Agricultural Field,Pigweed,Amaranthus retroflexus,205,2022
10083455,Wetland,Dock,Chenopodium album,179,2020
10067032,Agricultural Field,Dandelion,Lamium amplexicaule,415,2018
10036483,Urban,Milkweed,Trifolium repens,398,2019
10045167,Wetland,Nutsedge,Senecio vulgaris,348,1992
10036340,Urban,Thistle,Cyperus esculentus,472,2008
10027654,Grassland,Henbit,Cirsium arvense,79,2022
10023139,Wetland,Lambsquarters,Digitaria sanguinalis,162,2016
10081932,Wetland,Nutsedge,Eleusine indica,14,1993
10016256,Agricultural Field,Plantain,Cynodon dactylon,196,2020
10003306,Wetland,Foxtail,Centaurea stoebe,81,2013
10048852,Agricultural Field,Foxtail,Taraxacum officinale,261,2001
10054799,Urban,Bindweed,Ambrosia artemisiifolia,468,2012
10025659,Urban,Quackgrass,Eleusine indica,167,2011
10027727,Agricultural Field,Knapweed,Setaria faberi,11,2015
10024958,Agricultural Field,Plantain,Setaria faberi,450,2007
10068281,Forest,Ragweed,Chenopodium album,298,2015
10048723,Grassland,Quackgrass,Lamium amplexicaule,352,2003
10038830,Urban,Ragweed,Eleusine indica,316,2002
10089899,Urban,Chickweed,Plantago major,369,2017
10053617,Wetland,Chickweed,Trifolium repens,24,2023
10048408,Forest,Crabgrass,Asclepias syriaca,450,2019
10048964,Forest,Bermudagrass,Stellaria media,454,2002
10027333,Wetland,Goosegrass,Eleusine indica,36,2006
10007571,Grassland,Pigweed,Elymus repens,85,2003
10001556,Wetland,Pigweed,Convolvulus arvensis,169,2004
10013305,Agricultural Field,Thistle,Lamium amplexicaule,227,2023
10075901,Grassland,Crabgrass,Taraxacum officinale,364,1991
10040985,Agricultural Field,Lambsquarters,Trifolium repens,11,2020
10051525,Agricultural Field,Bindweed,Eleusine indica,432,2015
10015871,Forest,Dandelion,Asclepias syriaca,222,2012
10030212,Wetland,Dock,Lamium amplexicaule,300,2000
10064345,Forest,Quackgrass,Ambrosia artemisiifolia,159,2000
10091296,Forest,Goosegrass,Senecio vulgaris,172,2020
10013783,Wetland,Bindweed,Digitaria sanguinalis,74,2009
10081702,Forest,Goosegrass,Taraxacum officinale,201,1994
10081785,Wetland,Bermudagrass,Cynodon dactylon,325,1990
10081522,Grassland,Crabgrass,Plantago major,345,2003
10028964,Forest,Goosegrass,Cyperus esculentus,476,1991
10071066,Urban,Lambsquarters,Cyperus esculentus,103,2009
10007804,Grassland,Clover,Senecio vulgaris,261,2019
10095798,Agricultural Field,Clover,Taraxacum officinale,335,1994
10020594,Forest,Lambsquarters,Lamium amplexicaule,192,1997
10055769,Wetland,Quackgrass,Asclepias syriaca,117,2004
10096973,Wetland,Plantain,Stellaria media,381,2006
10007701,Agricultural Field,Dock,Senecio vulgaris,41,2015
10027169,Agricultural Field,Nutsedge,Cyperus esculentus,87,2019
10037909,Grassland,Groundsel,Setaria faberi,23,1999
10025100,Grassland,Foxtail,Digitaria sanguinalis,93,2017
10029962,Agricultural Field,Foxtail,Asclepias syriaca,227,1999
10034237,Agricultural Field,Goosegrass,Plantago major,261,2002
10093691,Grassland,Dandelion,Taraxacum officinale,33,2015
10021715,Agricultural Field,Plantain,Eleusine indica,208,2019
10070998,Agricultural Field,Foxtail,Cynodon dactylon,289,2010
10079360,Wetland,Groundsel,Cyperus esculentus,20,2023
10016488,Agricultural Field,Pigweed,Asclepias syriaca,391,2019
10054682,Urban,Crabgrass,Amaranthus retroflexus,136,1998
10097417,Wetland,Lambsquarters,Digitaria sanguinalis,7,2012
10045031,Forest,Knapweed,Cynodon dactylon,400,1998
10006909,Urban,Chickweed,Cynodon dactylon,19,2000
10068185,Wetland,Knapweed,Cynodon dactylon,414,1992
10062054,Grassland,Crabgrass,Amaranthus retroflexus,454,2023
10024455,Grassland,Clover,Convolvulus arvensis,498,2020
10049492,Wetland,Foxtail,Amaranthus retroflexus,221,2013
10097566,Urban,Milkweed,Setaria faberi,274,2019
10046663,Agricultural Field,Groundsel,Cynodon dactylon,97,2005
10008796,Forest,Plantain,Stellaria media,317,2017
10042041,Agricultural Field,Goosegrass,Eleusine indica,14,1997
10004436,Urban,Thistle,Stellaria media,500,2006
10071696,Forest,Nutsedge,Setaria faberi,36,2000
10045507,Agricultural Field,Chickweed,Eleusine indica,28,2003
10063728,Wetland,Foxtail,Amaranthus retroflexus,408,2000
10001984,Agricultural Field,Dandelion,Rumex crispus,259,2013
10030886,Forest,Foxtail,Taraxacum officinale,21,1998
10009351,Wetland,Clover,Amaranthus retroflexus,54,2021
10073898,Agricultural Field,Bermudagrass,Ambrosia artemisiifolia,332,2019
10010578,Agricultural Field,Pigweed,Convolvulus arvensis,136,1995
10062220,Urban,Dock,Cirsium arvense,373,1992
10030430,Agricultural Field,Henbit,Lamium amplexicaule,231,2012
10028215,Forest,Knapweed,Trifolium repens,318,2021
10032787,Urban,Bindweed,Eleusine indica,123,1995
10093976,Urban,Plantain,Cyperus esculentus,193,2018
10020091,Agricultural Field,Bindweed,Digitaria sanguinalis,165,1993
10003089,Wetland,Crabgrass,Convolvulus arvensis,358,1990
10048562,Agricultural Field,Dock,Cyperus esculentus,310,2000
10078835,Agricultural Field,Quackgrass,Elymus repens,207,2015
10019354,Urban,Thistle,Cynodon dactylon,270,1997
10057046,Forest,Bermudagrass,Cyperus esculentus,151,2018
10012606,Forest,Milkweed,Amaranthus retroflexus,463,2019
10063117,Wetland,Bermudagrass,Cyperus esculentus,463,2006
10073437,Urban,Henbit,Plantago major,291,1993
10078977,Urban,Henbit,Cirsium arvense,107,1998
10027526,Grassland,Chickweed,Elymus repens,110,2001
10008220,Grassland,Henbit,Amaranthus retroflexus,422,2006
10003853,Urban,Dandelion,Chenopodium album,139,1994
10094094,Grassland,Bermudagrass,Asclepias syriaca,405,2004
10075352,Forest,Foxtail,Elymus repens,181,2021
10029361,Wetland,Foxtail,Trifolium repens,331,2007
10097449,Forest,Goosegrass,Amaranthus retroflexus,460,1991
10055206,Forest,Bindweed,Setaria faberi,264,2004
10055238,Urban,Plantain,Cirsium arvense,41,2001
10041232,Grassland,Lambsquarters,Amaranthus retroflexus,291,1999
10027435,Wetland,Goosegrass,Asclepias syriaca,274,1991
10061185,Agricultural Field,Crabgrass,Eleusine indica,474,2011
10017060,Agricultural Field,Foxtail,Digitaria sanguinalis,87,2017
10049469,Agricultural Field,Dock,Setaria faberi,35,1992
10089968,Urban,Dock,Eleusine indica,161,2017
10003802,Wetland,Lambsquarters,Senecio vulgaris,333,1993
10027494,Wetland,Groundsel,Centaurea stoebe,448,1991
10050583,Wetland,Bermudagrass,Stellaria media,84,1996
10055247,Grassland,Clover,Eleusine indica,354,1991
10053029,Wetland,Quackgrass,Eleusine indica,384,2002
10074683,Agricultural Field,Ragweed,Centaurea stoebe,391,1990
10095806,Wetland,Groundsel,Elymus repens,239,2008
10043750,Grassland,Groundsel,Setaria faberi,245,1995
10078134,Forest,Milkweed,Lamium amplexicaule,61,2001
10026966,Wetland,Groundsel,Cynodon dactylon,365,2000
10016998,Forest,Bermudagrass,Stellaria media,186,2000
10036493,Wetland,Knapweed,Rumex crispus,393,1992
10003306,Wetland,Plantain,Digitaria sanguinalis,81,2001
10083799,Wetland,Dock,Cirsium arvense,330,2011
10088133,Wetland,Bindweed,Ambrosia artemisiifolia,409,2018
10079679,Agricultural Field,Foxtail,Senecio vulgaris,471,1998
10028640,Grassland,Chickweed,Convolvulus arvensis,155,1996
10075934,Grassland,Milkweed,Centaurea stoebe,12,2015
10055422,Forest,Plantain,Rumex crispus,57,2009
10082205,Urban,Pigweed,Plantago major,462,1990
10052226,Forest,Foxtail,Stellaria media,490,2013
10020292,Urban,Henbit,Stellaria media,439,2003
10011194,Grassland,Clover,Stellaria media,443,2015
10039208,Forest,Milkweed,Trifolium repens,217,2023
10050452,Forest,Crabgrass,Cirsium arvense,456,1999
10020493,Wetland,Bermudagrass,Chenopodium album,289,2018
10088185,Urban,Milkweed,Stellaria media,130,2010
10008388,Grassland,Nutsedge,Eleusine indica,300,2021
10023061,Agricultural Field,Goosegrass,Chenopodium album,271,1992
10004406,Wetland,Quackgrass,Convolvulus arvensis,29,1999
10087345,Urban,Milkweed,Chenopodium album,478,2008
10018840,Agricultural Field,Pigweed,Asclepias syriaca,374,1993
10034449,Wetland,Lambsquarters,Chenopodium album,351,1999
10026423,Forest,Goosegrass,Cyperus esculentus,120,2011
10015988,Urban,Chickweed,Taraxacum officinale,341,2000
10096742,Urban,Thistle,Elymus repens,17,2020
10016408,Forest,Dock,Setaria faberi,137,2002
10045748,Agricultural Field,Bindweed,Cirsium arvense,59,2004
10040596,Agricultural Field,Bindweed,Chenopodium album,122,2016
10018340,Urban,Milkweed,Plantago major,164,2003
10058792,Agricultural Field,Crabgrass,Elymus repens,115,1996
10096913,Grassland,Thistle,Elymus repens,328,1994
10013220,Grassland,Clover,Elymus repens,398,1993
10064916,Forest,Goosegrass,Centaurea stoebe,73,2022
10018252,Agricultural Field,Thistle,Stellaria media,132,2015
10045100,Grassland,Pigweed,Trifolium repens,230,2017
10085373,Wetland,Milkweed,Chenopodium album,34,1991
10030837,Urban,Bermudagrass,Amaranthus retroflexus,94,2005
10031612,Wetland,Knapweed,Stellaria media,484,2019
10062452,Agricultural Field,Dandelion,Lamium amplexicaule,435,2013
10065633,Grassland,Dock,Stellaria media,500,2011
10062593,Wetland,Foxtail,Centaurea stoebe,421,2008
10077467,Grassland,Ragweed,Centaurea stoebe,266,2019
10022461,Agricultural Field,Dock,Rumex crispus,246,2013
10034586,Agricultural Field,Thistle,Centaurea stoebe,181,2003
10004875,Grassland,Henbit,Trifolium repens,74,2012
10055984,Agricultural Field,Dandelion,Stellaria media,416,2000
10024669,Agricultural Field,Thistle,Eleusine indica,451,2003
10080715,Wetland,Dandelion,Amaranthus retroflexus,260,2006
10022337,Wetland,Chickweed,Cyperus esculentus,54,2011
10034964,Forest,Quackgrass,Chenopodium album,267,2003
10012223,Grassland,Knapweed,Cirsium arvense,418,2021
10029555,Urban,Milkweed,Cirsium arvense,310,2000
10039945,Urban,Pigweed,Trifolium repens,116,2022
10043102,Grassland,Clover,Senecio vulgaris,335,2019
10049501,Wetland,Lambsquarters,Lamium amplexicaule,124,1997
10095055,Wetland,Milkweed,Setaria faberi,374,2007
10071554,Agricultural Field,Nutsedge,Taraxacum officinale,169,2011
10080234,Urban,Bindweed,Cirsium arvense,442,1992
10062496,Urban,Knapweed,Convolvulus arvensis,195,1991
10017489,Forest,Knapweed,Lamium amplexicaule,387,1997
10083668,Agricultural Field,Bermudagrass,Digitaria sanguinalis,54,1999
10005172,Wetland,Thistle,Digitaria sanguinalis,58,1998
10059558,Wetland,Quackgrass,Stellaria media,335,2017
10039773,Wetland,Knapweed,Elymus repens,370,2013
10019965,Wetland,Crabgrass,Cirsium arvense,79,2015
10022493,Forest,Bermudagrass,Setaria faberi,142,1994
10069237,Urban,Milkweed,Rumex crispus,470,2022
10088304,Grassland,Thistle,Setaria faberi,254,2012
10030390,Urban,Ragweed,Convolvulus arvensis,300,2002
10065301,Agricultural Field,Pigweed,Senecio vulgaris,210,2010
10076294,Wetland,Dandelion,Eleusine indica,85,1998
10064464,Agricultural Field,Quackgrass,Elymus repens,200,2016
10008023,Grassland,Thistle,Digitaria sanguinalis,495,2007
10016739,Forest,Quackgrass,Digitaria sanguinalis,111,2017
10078612,Urban,Quackgrass,Amaranthus retroflexus,321,2003
10087423,Wetland,Thistle,Cynodon dactylon,203,1997
10011451,Wetland,Chickweed,Ambrosia artemisiifolia,293,2007
10075683,Grassland,Knapweed,Taraxacum officinale,52,2022
10056801,Urban,Dandelion,Rumex crispus,161,1998
10006205,Agricultural Field,Nutsedge,Setaria faberi,414,2005
10024601,Agricultural Field,Goosegrass,Cyperus esculentus,48,2021
10087623,Agricultural Field,Knapweed,Senecio vulgaris,54,2008
10050251,Agricultural Field,Milkweed,Cyperus esculentus,318,2013
10077917,Grassland,Bindweed,Centaurea stoebe,333,2006
10094705,Grassland,Foxtail,Plantago major,451,2013
10076471,Agricultural Field,Plantain,Cynodon dactylon,297,1997
10008237,Urban,Crabgrass,Chenopodium album,466,2015
10012280,Urban,Dandelion,Asclepias syriaca,415,2020
10058131,Wetland,Dandelion,Trifolium repens,478,2012
10067209,Wetland,Foxtail,Plantago major,322,2014
10062748,Wetland,Dandelion,Plantago major,266,2002
10054704,Grassland,Lambsquarters,Ambrosia artemisiifolia,394,1999
10065267,Agricultural Field,Crabgrass,Plantago major,190,2013
10068174,Forest,Foxtail,Trifolium repens,335,2010
10035121,Wetland,Goosegrass,Digitaria sanguinalis,304,2009
10074754,Forest,Knapweed,Trifolium repens,80,2018
10005715,Wetland,Thistle,Setaria faberi,391,2012
10014771,Agricultural Field,Knapweed,Convolvulus arvensis,115,2011
10061146,Wetland,Ragweed,Amaranthus retroflexus,217,2007
10023330,Grassland,Thistle,Plantago major,147,1996
10058694,Forest,Bermudagrass,Rumex crispus,203,2014
10095121,Forest,Quackgrass,Lamium amplexicaule,348,1998
10013076,Grassland,Dock,Rumex crispus,235,2016
10046089,Urban,Dandelion,Eleusine indica,146,1994
10084292,Wetland,Goosegrass,Amaranthus retroflexus,163,1996
10013696,Agricultural Field,Clover,Cyperus esculentus,332,2005
10001973,Grassland,Bermudagrass,Rumex crispus,408,1990
10008194,Agricultural Field,Bermudagrass,Taraxacum officinale,25,2020
10050996,Urban,Knapweed,Taraxacum officinale,176,2003
10064603,Urban,Henbit,Eleusine indica,112,1990
10023716,Urban,Thistle,Cynodon dactylon,28,2008
10054330,Wetland,Clover,Convolvulus arvensis,6,1996
10005138,Grassland,Pigweed,Digitaria sanguinalis,453,2014
10069178,Agricultural Field,Clover,Taraxacum officinale,56,2018
10038367,Urban,Plantain,Cynodon dactylon,109,1997
10020986,Agricultural Field,Crabgrass,Elymus repens,276,2005
10032902,Forest,Chickweed,Cirsium arvense,67,2000
10088392,Forest,Foxtail,Digitaria sanguinalis,442,2011
10035309,Agricultural Field,Pigweed,Setaria faberi,120,2004
10031155,Forest,Quackgrass,Cirsium arvense,361,2019
10094863,Agricultural Field,Milkweed,Trifolium repens,155,2007
10057474,Urban,Plantain,Taraxacum officinale,335,1995
10014281,Urban,Plantain,Cirsium arvense,248,2006
10082202,Wetland,Nutsedge,Stellaria media,168,2023
10036658,Forest,Groundsel,Trifolium repens,166,1994
10004945,Grassland,Groundsel,Ambrosia artemisiifolia,201,2001
10042881,Wetland,Quackgrass,Rumex crispus,374,2008
10033436,Wetland,Crabgrass,Elymus repens,271,2018
10023082,Wetland,Bermudagrass,Taraxacum officinale,194,2015
10028399,Agricultural Field,Dock,Trifolium repens,12,1998
10024597,Forest,Milkweed,Chenopodium album,147,2010
10019303,Wetland,Quackgrass,Elymus repens,194,2012
10057543,Forest,Groundsel,Centaurea stoebe,498,2017
10042327,Forest,Ragweed,Amaranthus retroflexus,338,2013
10039542,Wetland,Bermudagrass,Asclepias syriaca,369,2022
10019894,Agricultural Field,Goosegrass,Taraxacum officinale,494,2006
10036357,Grassland,Pigweed,Cynodon dactylon,405,2004
10033366,Grassland,Henbit,Eleusine indica,303,2020
10000627,Agricultural Field,Thistle,Convolvulus arvensis,354,2013
10032495,Wetland,Milkweed,Senecio vulgaris,438,2004
10053451,Wetland,Thistle,Trifolium repens,195,2014
10038517,Agricultural Field,Knapweed,Trifolium repens,256,1993
10069207,Agricultural Field,Bindweed,Elymus repens,454,2022
10065222,Forest,Clover,Cyperus esculentus,265,2014
10002208,Wetland,Clover,Digitaria sanguinalis,437,2023
10080843,Agricultural Field,Chickweed,Ambrosia artemisiifolia,87,2008
