WeedID,Block_ID,Common Name,Scientific Name,Count
10012797,Block 5,Knapweed,Senecio vulgaris,412
10028051,Block 2,Groundsel,Setaria faberi,242
10065340,Block 1,Lambsquarters,Ambrosia artemisiifolia,179
10003235,Block 1,Bindweed,Setaria faberi,281
10057117,Block 3,Clover,Cyperus esculentus,351
10036856,Block 2,Bindweed,Chenopodium album,414
10088345,Block 5,Henbit,Taraxacum officinale,488
10057369,Block 4,Lambsquarters,Setaria faberi,469
10061074,Block 4,Goosegrass,Lamium amplexicaule,406
10036539,Block 3,Chickweed,Chenopodium album,402
10005138,Block 3,Lambsquarters,Senecio vulgaris,95
10040628,Block 4,Thistle,Digitaria sanguinalis,267
10084548,Block 3,Quackgrass,Eleusine indica,82
10015068,Block 1,Foxtail,Cyperus esculentus,172
10096224,Block 5,Plantain,Stellaria media,479
10071765,Block 1,Ragweed,Stellaria media,101
10037514,Block 2,Foxtail,Cyperus esculentus,382
10089016,Block 4,Crabgrass,Rumex crispus,380
10022826,Block 3,Foxtail,Eleusine indica,250
10028259,Block 2,Pigweed,Cirsium arvense,324
10031107,Block 1,Bermudagrass,Taraxacum officinale,333
10075694,Block 1,Chickweed,Cyperus esculentus,389
10064387,Block 4,Ragweed,Stellaria media,163
10083858,Block 5,Chickweed,Cirsium arvense,454
10057578,Block 4,Plantain,Ambrosia artemisiifolia,470
10041800,Block 5,Bermudagrass,Setaria faberi,99
10093164,Block 4,Quackgrass,Plantago major,389
10034899,Block 3,Milkweed,Ambrosia artemisiifolia,96
10077685,Block 5,Thistle,Senecio vulgaris,350
10070386,Block 5,Dock,Senecio vulgaris,407
10029774,Block 5,Crabgrass,Elymus repens,12
10060752,Block 4,Clover,Elymus repens,417
10088876,Block 2,Chickweed,Setaria faberi,33
10096953,Block 3,Bermudagrass,Cynodon dactylon,42
10030926,Block 1,Knapweed,Amaranthus retroflexus,381
10079511,Block 1,Henbit,Setaria faberi,48
10038288,Block 1,Groundsel,Chenopodium album,431
10045445,Block 5,Bermudagrass,Convolvulus arvensis,175
10014717,Block 4,Bindweed,Senecio vulgaris,152
10071746,Block 4,Bermudagrass,Convolvulus arvensis,80
10005963,Block 1,Lambsquarters,Eleusine indica,110
10043007,Block 3,Dandelion,Cyperus esculentus,465
10088454,Block 4,Clover,Rumex crispus,187
10070620,Block 1,Chickweed,Rumex crispus,277
10003495,Block 5,Bermudagrass,Senecio vulgaris,32
10014460,Block 3,Ragweed,Elymus repens,264
10029056,Block 5,Lambsquarters,Asclepias syriaca,334
10051494,Block 1,Pigweed,Convolvulus arvensis,360
10077859,Block 1,Groundsel,Rumex crispus,252
10042362,Block 2,Quackgrass,Cirsium arvense,233
10088534,Block 5,Lambsquarters,Trifolium repens,442
10054323,Block 4,Lambsquarters,Senecio vulgaris,89
10026339,Block 3,Clover,Cyperus esculentus,11
10093821,Block 4,Knapweed,Chenopodium album,217
10000926,Block 4,Bermudagrass,Centaurea stoebe,311
10009816,Block 4,Plantain,Convolvulus arvensis,344
10083249,Block 4,Lambsquarters,Rumex crispus,103
10091990,Block 2,Henbit,Asclepias syriaca,304
10075585,Block 5,Bermudagrass,Lamium amplexicaule,400
10008214,Block 1,Bindweed,Ambrosia artemisiifolia,428
10036536,Block 3,Chickweed,Asclepias syriaca,221
10020013,Block 4,Goosegrass,Eleusine indica,87
10041839,Block 3,Bermudagrass,Amaranthus retroflexus,435
10052575,Block 4,Milkweed,Digitaria sanguinalis,385
10071207,Block 1,Nutsedge,Lamium amplexicaule,7
10024190,Block 1,Quackgrass,Lamium amplexicaule,499
10051953,Block 5,Ragweed,Plantago major,155
10041002,Block 3,Clover,Stellaria media,356
10086458,Block 5,Milkweed,Cirsium arvense,435
10052597,Block 2,Milkweed,Taraxacum officinale,439
10006520,Block 1,Bindweed,Eleusine indica,315
10057631,Block 3,Milkweed,Convolvulus arvensis,404
10087314,Block 4,Chickweed,Centaurea stoebe,6
10056518,Block 4,Foxtail,Lamium amplexicaule,377
10058141,Block 1,Ragweed,Taraxacum officinale,261
10035016,Block 3,Groundsel,Cynodon dactylon,184
10042273,Block 5,Bindweed,Convolvulus arvensis,470
10090879,Block 1,Henbit,Taraxacum officinale,181
10083777,Block 3,Quackgrass,Chenopodium album,64
10005491,Block 4,Ragweed,Senecio vulgaris,78
10096290,Block 1,Clover,Ambrosia artemisiifolia,464
10058698,Block 5,Clover,Lamium amplexicaule,457
10042357,Block 2,Chickweed,Ambrosia artemisiifolia,54
10086551,Block 3,Foxtail,Plantago major,175
10093021,Block 5,Groundsel,Convolvulus arvensis,126
10056439,Block 5,Knapweed,Cirsium arvense,161
10070414,Block 2,Bermudagrass,Cynodon dactylon,274
10035448,Block 3,Pigweed,Setaria faberi,494
10030686,Block 3,Crabgrass,Ambrosia artemisiifolia,363
10027392,Block 2,Foxtail,Cirsium arvense,394
10011871,Block 5,Pigweed,Convolvulus arvensis,399
10085462,Block 3,Foxtail,Digitaria sanguinalis,66
10054609,Block 2,Bermudagrass,Digitaria sanguinalis,63
10095802,Block 4,Thistle,Lamium amplexicaule,384
10062757,Block 5,Lambsquarters,Taraxacum officinale,117
10088091,Block 1,Thistle,Stellaria media,100
10056364,Block 3,Bermudagrass,Digitaria sanguinalis,389
10057539,Block 4,Clover,Stellaria media,8
10032558,Block 5,Nutsedge,Convolvulus arvensis,191
10067418,Block 5,Foxtail,Taraxacum officinale,268
10028343,Block 1,Crabgrass,Plantago major,461
10020908,Block 4,Thistle,Cirsium arvense,190
10013315,Block 2,Bindweed,Centaurea stoebe,133
10030403,Block 1,Milkweed,Trifolium repens,434
10049053,Block 2,Dock,Cyperus esculentus,205
10032389,Block 2,Plantain,Rumex crispus,259
10056198,Block 2,Groundsel,Plantago major,449
10037892,Block 3,Chickweed,Trifolium repens,422
10002791,Block 2,Pigweed,Cyperus esculentus,261
10016208,Block 1,Foxtail,Trifolium repens,162
10014733,Block 4,Henbit,Plantago major,368
10096848,Block 3,Ragweed,Taraxacum officinale,425
10085473,Block 5,Groundsel,Taraxacum officinale,200
10016185,Block 2,Crabgrass,Senecio vulgaris,337
10089287,Block 2,Lambsquarters,Amaranthus retroflexus,405
10042206,Block 5,Nutsedge,Plantago major,197
10060004,Block 3,Thistle,Stellaria media,312
10026937,Block 1,Plantain,Trifolium repens,146
10088519,Block 1,Plantain,Trifolium repens,88
10078156,Block 4,Crabgrass,Setaria faberi,451
10056466,Block 4,Crabgrass,Plantago major,411
10000920,Block 3,Pigweed,Lamium amplexicaule,349
10049281,Block 1,Goosegrass,Taraxacum officinale,178
10036184,Block 4,Foxtail,Convolvulus arvensis,270
10013339,Block 5,Goosegrass,Centaurea stoebe,342
10096420,Block 4,Crabgrass,Taraxacum officinale,28
10028142,Block 5,Bermudagrass,Digitaria sanguinalis,169
10054716,Block 2,Dock,Convolvulus arvensis,190
10057071,Block 2,Knapweed,Cirsium arvense,1
10048794,Block 2,Dock,Cynodon dactylon,224
10079828,Block 1,Foxtail,Rumex crispus,273
10050467,Block 4,Clover,Asclepias syriaca,99
10090063,Block 5,Clover,Trifolium repens,424
10034031,Block 4,Pigweed,Cynodon dactylon,102
10016725,Block 1,Knapweed,Amaranthus retroflexus,4
10091851,Block 1,Goosegrass,Stellaria media,485
10077565,Block 2,Bermudagrass,Asclepias syriaca,110
10082656,Block 1,Chickweed,Setaria faberi,132
10049143,Block 1,Quackgrass,Elymus repens,108
10000967,Block 2,Dock,Elymus repens,370
10093369,Block 1,Knapweed,Asclepias syriaca,85
10013825,Block 5,Plantain,Ambrosia artemisiifolia,382
10014590,Block 2,Foxtail,Asclepias syriaca,403
10027140,Block 5,Crabgrass,Centaurea stoebe,379
10089105,Block 3,Bermudagrass,Ambrosia artemisiifolia,22
10028790,Block 4,Knapweed,Cyperus esculentus,385
10009282,Block 2,Nutsedge,Stellaria media,428
10080216,Block 3,Plantain,Rumex crispus,377
10015058,Block 3,Clover,Amaranthus retroflexus,31
10018891,Block 4,Ragweed,Centaurea stoebe,131
10031638,Block 5,Chickweed,Rumex crispus,463
10011413,Block 4,Clover,Cirsium arvense,139
10062361,Block 4,Thistle,Digitaria sanguinalis,478
10059005,Block 1,Crabgrass,Centaurea stoebe,442
10048725,Block 1,Groundsel,Stellaria media,474
10041322,Block 3,Crabgrass,Stellaria media,151
10018871,Block 5,Chickweed,Setaria faberi,409
10021747,Block 5,Nutsedge,Senecio vulgaris,488
10042280,Block 3,Groundsel,Asclepias syriaca,359
10092263,Block 3,Foxtail,Amaranthus retroflexus,401
10004063,Block 4,Foxtail,Digitaria sanguinalis,269
10028684,Block 2,Dock,Stellaria media,169
10068012,Block 2,Lambsquarters,Rumex crispus,223
10029588,Block 4,Dock,Amaranthus retroflexus,41
10080419,Block 2,Milkweed,Cyperus esculentus,181
10091454,Block 4,Lambsquarters,Elymus repens,250
10023882,Block 1,Milkweed,Cyperus esculentus,43
10076524,Block 2,Plantain,Chenopodium album,294
10015728,Block 5,Nutsedge,Digitaria sanguinalis,335
10047599,Block 4,Bermudagrass,Senecio vulgaris,202
10063743,Block 5,Henbit,Senecio vulgaris,247
10053523,Block 2,Clover,Senecio vulgaris,75
10051563,Block 1,Ragweed,Rumex crispus,142
10004229,Block 4,Lambsquarters,Elymus repens,199
10012344,Block 2,Knapweed,Amaranthus retroflexus,244
10006318,Block 3,Bindweed,Eleusine indica,120
10010509,Block 2,Ragweed,Setaria faberi,355
10032808,Block 2,Ragweed,Plantago major,311
10071554,Block 3,Crabgrass,Digitaria sanguinalis,388
10036076,Block 4,Quackgrass,Digitaria sanguinalis,259
10018058,Block 3,Goosegrass,Ambrosia artemisiifolia,9
10086440,Block 4,Ragweed,Centaurea stoebe,379
10054905,Block 1,Knapweed,Senecio vulgaris,209
10085429,Block 4,Bindweed,Elymus repens,345
10065433,Block 4,Plantain,Setaria faberi,387
10050653,Block 3,Dock,Chenopodium album,40
10053965,Block 2,Bermudagrass,Lamium amplexicaule,166
10015989,Block 3,Quackgrass,Eleusine indica,280
10087899,Block 2,Plantain,Senecio vulgaris,498
10061221,Block 1,Knapweed,Cirsium arvense,125
10066178,Block 1,Knapweed,Digitaria sanguinalis,453
10088584,Block 3,Bermudagrass,Senecio vulgaris,328
10021511,Block 4,Bindweed,Rumex crispus,127
10088332,Block 2,Dock,Senecio vulgaris,50
10076506,Block 1,Lambsquarters,Eleusine indica,131
10071374,Block 3,Chickweed,Trifolium repens,196
10033331,Block 1,Thistle,Senecio vulgaris,69
10095598,Block 4,Foxtail,Cirsium arvense,197
10058149,Block 2,Nutsedge,Cirsium arvense,488
10023322,Block 5,Lambsquarters,Setaria faberi,445
10024911,Block 3,Milkweed,Setaria faberi,240
10078743,Block 1,Goosegrass,Elymus repens,211
10059291,Block 5,Thistle,Elymus repens,320
10056315,Block 4,Clover,Trifolium repens,400
10089821,Block 5,Goosegrass,Cyperus esculentus,296
10082492,Block 1,Nutsedge,Centaurea stoebe,293
10070629,Block 4,Goosegrass,Cyperus esculentus,92
10012688,Block 1,Quackgrass,Ambrosia artemisiifolia,376
10050058,Block 1,Knapweed,Plantago major,205
10063362,Block 5,Knapweed,Plantago major,403
10010683,Block 1,Goosegrass,Trifolium repens,465
10066583,Block 3,Ragweed,Cirsium arvense,54
10066986,Block 5,Pigweed,Cynodon dactylon,69
10053401,Block 4,Milkweed,Taraxacum officinale,108
10001243,Block 4,Dandelion,Cirsium arvense,83
10079041,Block 4,Lambsquarters,Amaranthus retroflexus,465
10086869,Block 5,Ragweed,Amaranthus retroflexus,201
10006566,Block 5,Foxtail,Plantago major,348
10058538,Block 2,Pigweed,Trifolium repens,434
10029644,Block 1,Pigweed,Trifolium repens,264
10006586,Block 1,Nutsedge,Plantago major,82
10055064,Block 1,Quackgrass,Ambrosia artemisiifolia,338
10029947,Block 2,Quackgrass,Eleusine indica,150
10043100,Block 2,Goosegrass,Setaria faberi,100
10025077,Block 1,Quackgrass,Stellaria media,297
10073355,Block 4,Dock,Plantago major,120
10020319,Block 4,Ragweed,Convolvulus arvensis,225
10061625,Block 1,Ragweed,Stellaria media,282
10015429,Block 1,Quackgrass,Ambrosia artemisiifolia,103
10096830,Block 3,Knapweed,Elymus repens,500
10014788,Block 2,Groundsel,Eleusine indica,487
10010399,Block 1,Foxtail,Cirsium arvense,185
10043951,Block 2,Crabgrass,Senecio vulgaris,167
10063478,Block 5,Nutsedge,Stellaria media,161
10048329,Block 1,Ragweed,Plantago major,359
10078034,Block 4,Chickweed,Ambrosia artemisiifolia,159
10045559,Block 5,Lambsquarters,Trifolium repens,175
10027722,Block 3,Chickweed,Cyperus esculentus,470
10039292,Block 5,Thistle,Amaranthus retroflexus,354
10009892,Block 2,Dandelion,Asclepias syriaca,42
10038079,Block 1,Quackgrass,Elymus repens,312
10013693,Block 2,Milkweed,Senecio vulgaris,197
10088198,Block 1,Henbit,Elymus repens,19
10045504,Block 4,Lambsquarters,Lamium amplexicaule,112
10093777,Block 2,Goosegrass,Cirsium arvense,14
10081915,Block 3,Milkweed,Rumex crispus,28
10038499,Block 5,Bermudagrass,Senecio vulgaris,314
10002057,Block 5,Henbit,Senecio vulgaris,348
10089435,Block 1,Clover,Cynodon dactylon,304
10092822,Block 4,Lambsquarters,Ambrosia artemisiifolia,496
10066466,Block 5,Lambsquarters,Rumex crispus,144
10024834,Block 4,Knapweed,Amaranthus retroflexus,44
10095255,Block 5,Henbit,Senecio vulgaris,103
10021448,Block 5,Knapweed,Elymus repens,454
10016915,Block 5,Nutsedge,Senecio vulgaris,235
10085036,Block 2,Crabgrass,Eleusine indica,156
10031898,Block 1,Foxtail,Rumex crispus,467
10003037,Block 4,Knapweed,Senecio vulgaris,78
10031855,Block 5,Henbit,Setaria faberi,83
10085792,Block 3,Bermudagrass,Taraxacum officinale,86
10036093,Block 4,Nutsedge,Digitaria sanguinalis,320
10075722,Block 3,Bindweed,Ambrosia artemisiifolia,123
10021891,Block 1,Lambsquarters,Rumex crispus,203
10016466,Block 2,Crabgrass,Asclepias syriaca,267
10022591,Block 1,Pigweed,Eleusine indica,116
10092227,Block 3,Dandelion,Asclepias syriaca,428
10088310,Block 2,Chickweed,Senecio vulgaris,172
10090378,Block 1,Thistle,Ambrosia artemisiifolia,347
10043245,Block 1,Milkweed,Stellaria media,223
10096651,Block 2,Plantain,Setaria faberi,4
10016240,Block 1,Pigweed,Digitaria sanguinalis,199
10092480,Block 1,Bindweed,Asclepias syriaca,321
10019395,Block 3,Quackgrass,Rumex crispus,418
10090864,Block 5,Crabgrass,Senecio vulgaris,133
10001712,Block 1,Bindweed,Trifolium repens,232
10025538,Block 5,Chickweed,Eleusine indica,455
10041022,Block 5,Clover,Taraxacum officinale,394
10016974,Block 3,Milkweed,Eleusine indica,262
10078782,Block 4,Lambsquarters,Digitaria sanguinalis,422
10059361,Block 4,Quackgrass,Senecio vulgaris,341
10052450,Block 4,Dandelion,Cirsium arvense,3
10080687,Block 4,Nutsedge,Taraxacum officinale,232
10059471,Block 5,Chickweed,Centaurea stoebe,98
10018363,Block 5,Foxtail,Ambrosia artemisiifolia,445
10092257,Block 3,Pigweed,Digitaria sanguinalis,9
10050217,Block 5,Foxtail,Cirsium arvense,132
10065202,Block 5,Knapweed,Plantago major,36
10022527,Block 5,Milkweed,Cynodon dactylon,357
10025218,Block 2,Lambsquarters,Plantago major,495
10041578,Block 5,Goosegrass,Stellaria media,29
10006477,Block 5,Chickweed,Stellaria media,6
10062550,Block 1,Thistle,Cynodon dactylon,250
10088479,Block 3,Dock,Rumex crispus,497
10018892,Block 5,Quackgrass,Cynodon dactylon,416
10001926,Block 2,Chickweed,Plantago major,253
10083748,Block 3,Foxtail,Centaurea stoebe,240
10040185,Block 4,Lambsquarters,Asclepias syriaca,132
10056689,Block 2,Lambsquarters,Stellaria media,129
10069806,Block 3,Clover,Chenopodium album,102
10060904,Block 2,Dandelion,Setaria faberi,154
10052558,Block 4,Pigweed,Plantago major,418
10044629,Block 2,Clover,Rumex crispus,24
10017893,Block 4,Crabgrass,Eleusine indica,334
10002635,Block 5,Crabgrass,Centaurea stoebe,39
10054273,Block 4,Ragweed,Cirsium arvense,416
10071992,Block 3,Plantain,Ambrosia artemisiifolia,402
10052217,Block 2,Clover,Eleusine indica,418
10089479,Block 2,Ragweed,Asclepias syriaca,58
10081981,Block 2,Bermudagrass,Senecio vulgaris,266
10019828,Block 3,Thistle,Taraxacum officinale,131
10045961,Block 5,Groundsel,Amaranthus retroflexus,23
10029184,Block 5,Ragweed,Stellaria media,363
10010667,Block 3,Goosegrass,Cyperus esculentus,259
10018174,Block 4,Ragweed,Cyperus esculentus,349
10051123,Block 3,Henbit,Convolvulus arvensis,322
10091311,Block 1,Groundsel,Cyperus esculentus,111
10080442,Block 5,Chickweed,Senecio vulgaris,312
10056208,Block 3,Pigweed,Eleusine indica,134
10053912,Block 5,Milkweed,Ambrosia artemisiifolia,30
10009546,Block 1,Lambsquarters,Eleusine indica,310
10057168,Block 3,Foxtail,Rumex crispus,313
10067887,Block 5,Bermudagrass,Stellaria media,76
10038899,Block 1,Nutsedge,Senecio vulgaris,417
10049487,Block 4,Knapweed,Amaranthus retroflexus,379
10060107,Block 4,Nutsedge,Plantago major,357
10000690,Block 4,Foxtail,Chenopodium album,299
10051945,Block 5,Lambsquarters,Ambrosia artemisiifolia,12
10033111,Block 1,Foxtail,Lamium amplexicaule,131
10017794,Block 2,Knapweed,Lamium amplexicaule,276
10071964,Block 1,Chickweed,Cirsium arvense,349
10065409,Block 4,Ragweed,Chenopodium album,403
10029874,Block 4,Lambsquarters,Asclepias syriaca,237
10021280,Block 5,Goosegrass,Senecio vulgaris,134
10014425,Block 2,Pigweed,Chenopodium album,321
10013957,Block 3,Crabgrass,Centaurea stoebe,128
10031637,Block 4,Plantain,Amaranthus retroflexus,196
10090709,Block 3,Bermudagrass,Lamium amplexicaule,217
10039621,Block 4,Crabgrass,Cirsium arvense,128
10017990,Block 5,Lambsquarters,Cynodon dactylon,241
10094707,Block 1,Goosegrass,Cyperus esculentus,149
10024195,Block 4,Bindweed,Cynodon dactylon,115
10081767,Block 5,Groundsel,Eleusine indica,8
10052894,Block 3,Foxtail,Ambrosia artemisiifolia,3
10008757,Block 3,Goosegrass,Senecio vulgaris,491
10045180,Block 3,Knapweed,Eleusine indica,166
10080624,Block 3,Milkweed,Elymus repens,125
10064275,Block 2,Nutsedge,Lamium amplexicaule,392
10097049,Block 3,Lambsquarters,Cynodon dactylon,141
10039290,Block 1,Dock,Plantago major,319
10008692,Block 1,Ragweed,Cirsium arvense,27
10094231,Block 4,Nutsedge,Senecio vulgaris,154
10091800,Block 1,Clover,Digitaria sanguinalis,204
10042293,Block 5,Ragweed,Cynodon dactylon,140
10016305,Block 2,Bindweed,Stellaria media,55
10014764,Block 3,Plantain,Rumex crispus,464
10001912,Block 2,Dock,Taraxacum officinale,71
10008974,Block 1,Lambsquarters,Plantago major,302
10059855,Block 2,Chickweed,Ambrosia artemisiifolia,220
10055657,Block 4,Pigweed,Rumex crispus,443
10071647,Block 3,Quackgrass,Plantago major,425
10045289,Block 4,Plantain,Rumex crispus,304
10038717,Block 5,Groundsel,Trifolium repens,448
10073327,Block 4,Pigweed,Rumex crispus,388
10021132,Block 2,Crabgrass,Chenopodium album,46
10018403,Block 2,Thistle,Taraxacum officinale,198
10075609,Block 3,Plantain,Digitaria sanguinalis,160
10021218,Block 3,Bindweed,Rumex crispus,367
10045712,Block 2,Nutsedge,Asclepias syriaca,331
10049796,Block 2,Bermudagrass,Stellaria media,306
10092316,Block 3,Milkweed,Setaria faberi,148
10072141,Block 1,Quackgrass,Centaurea stoebe,82
10005490,Block 5,Bermudagrass,Amaranthus retroflexus,245
10044879,Block 1,Thistle,Cynodon dactylon,57
10064650,Block 4,Groundsel,Amaranthus retroflexus,115
10067229,Block 3,Dock,Centaurea stoebe,61
10058579,Block 5,Milkweed,Trifolium repens,483
10017609,Block 4,Nutsedge,Taraxacum officinale,200
10086980,Block 2,Pigweed,Asclepias syriaca,423
10041701,Block 1,Thistle,Asclepias syriaca,208
10065595,Block 2,Crabgrass,Stellaria media,485
10039508,Block 2,Pigweed,Taraxacum officinale,312
10028417,Block 4,Dandelion,Digitaria sanguinalis,203
10050877,Block 3,Pigweed,Elymus repens,281
10009060,Block 3,Lambsquarters,Rumex crispus,84
10014904,Block 3,Groundsel,Cirsium arvense,353
10055441,Block 2,Milkweed,Setaria faberi,275
10056143,Block 2,Chickweed,Elymus repens,268
10065349,Block 1,Dock,Centaurea stoebe,116
10009594,Block 4,Pigweed,Amaranthus retroflexus,35
10014264,Block 5,Bindweed,Setaria faberi,220
10004009,Block 3,Knapweed,Asclepias syriaca,455
10074047,Block 2,Knapweed,Trifolium repens,92
10027456,Block 4,Goosegrass,Cyperus esculentus,166
10037212,Block 5,Knapweed,Chenopodium album,194
10028236,Block 5,Ragweed,Trifolium repens,37
10094369,Block 2,Dock,Cynodon dactylon,413
10068698,Block 4,Groundsel,Trifolium repens,174
10035964,Block 3,Foxtail,Cyperus esculentus,328
10003078,Block 4,Plantain,Plantago major,386
10008925,Block 3,Crabgrass,Setaria faberi,138
10069776,Block 5,Knapweed,Rumex crispus,280
10085170,Block 3,Milkweed,Stellaria media,90
10044008,Block 3,Quackgrass,Senecio vulgaris,392
10001164,Block 1,Foxtail,Lamium amplexicaule,208
10069003,Block 4,Milkweed,Plantago major,324
10030106,Block 5,Thistle,Cyperus esculentus,286
10050775,Block 2,Ragweed,Centaurea stoebe,334
10073347,Block 3,Bindweed,Elymus repens,317
10064856,Block 2,Pigweed,Asclepias syriaca,458
10063607,Block 5,Clover,Stellaria media,39
10063075,Block 3,Ragweed,Chenopodium album,369
10048418,Block 5,Chickweed,Convolvulus arvensis,338
10095909,Block 2,Milkweed,Taraxacum officinale,50
10015856,Block 1,Foxtail,Asclepias syriaca,248
10069217,Block 4,Thistle,Plantago major,113
10009105,Block 2,Chickweed,Trifolium repens,318
10089217,Block 1,Dock,Cirsium arvense,326
10011468,Block 4,Ragweed,Amaranthus retroflexus,198
10069921,Block 2,Foxtail,Chenopodium album,106
10005078,Block 1,Dock,Convolvulus arvensis,476
10037784,Block 5,Henbit,Digitaria sanguinalis,189
10077388,Block 4,Dock,Plantago major,329
10064953,Block 5,Henbit,Lamium amplexicaule,37
10071455,Block 1,Groundsel,Amaranthus retroflexus,118
10006018,Block 3,Pigweed,Setaria faberi,76
10085870,Block 3,Bermudagrass,Plantago major,289
10023710,Block 3,Bindweed,Eleusine indica,98
10027677,Block 3,Goosegrass,Cyperus esculentus,93
10088227,Block 4,Milkweed,Digitaria sanguinalis,381
10069774,Block 3,Thistle,Senecio vulgaris,470
10085089,Block 4,Goosegrass,Trifolium repens,149
10075585,Block 2,Plantain,Senecio vulgaris,366
10084166,Block 3,Plantain,Asclepias syriaca,277
10061911,Block 5,Bindweed,Plantago major,121
10064397,Block 5,Plantain,Senecio vulgaris,303
10026264,Block 4,Foxtail,Amaranthus retroflexus,221
10097296,Block 1,Bindweed,Digitaria sanguinalis,345
10086323,Block 3,Bindweed,Trifolium repens,267
10042039,Block 4,Bermudagrass,Stellaria media,26
10007398,Block 4,Ragweed,Lamium amplexicaule,382
10012827,Block 3,Nutsedge,Chenopodium album,439
10057914,Block 3,Groundsel,Trifolium repens,185
10035222,Block 4,Nutsedge,Stellaria media,5
10049633,Block 3,Plantain,Eleusine indica,334
10010999,Block 4,Nutsedge,Cyperus esculentus,470
10088453,Block 4,Milkweed,Convolvulus arvensis,470
10092549,Block 1,Dock,Centaurea stoebe,7
10068952,Block 5,Clover,Ambrosia artemisiifolia,170
10061414,Block 5,Henbit,Setaria faberi,292
10084578,Block 4,Clover,Taraxacum officinale,158
10047649,Block 5,Clover,Trifolium repens,139
10038202,Block 4,Thistle,Elymus repens,228
10046615,Block 5,Goosegrass,Elymus repens,222
10023809,Block 5,Ragweed,Digitaria sanguinalis,365
10097467,Block 2,Dock,Elymus repens,172
10079556,Block 1,Plantain,Digitaria sanguinalis,103
10043326,Block 4,Groundsel,Rumex crispus,328
10022406,Block 5,Pigweed,Senecio vulgaris,219
10048479,Block 5,Goosegrass,Plantago major,120
10068581,Block 1,Ragweed,Convolvulus arvensis,393
10069726,Block 2,Ragweed,Chenopodium album,313
10041949,Block 5,Bermudagrass,Rumex crispus,406
10023752,Block 4,Dock,Senecio vulgaris,112
10041893,Block 1,Lambsquarters,Lamium amplexicaule,422
10011603,Block 2,Dock,Trifolium repens,361
10047377,Block 5,Milkweed,Cirsium arvense,442
10092590,Block 3,Nutsedge,Chenopodium album,251
10061335,Block 3,Nutsedge,Stellaria media,408
10049515,Block 2,Bermudagrass,Rumex crispus,280
10008797,Block 1,Bermudagrass,Rumex crispus,272
10010973,Block 1,Knapweed,Lamium amplexicaule,382
10054224,Block 3,Quackgrass,Stellaria media,266
10056919,Block 5,Quackgrass,Stellaria media,15
10091700,Block 4,Bermudagrass,Ambrosia artemisiifolia,88
10053532,Block 3,Crabgrass,Rumex crispus,439
10066370,Block 5,Knapweed,Ambrosia artemisiifolia,366
10014364,Block 1,Ragweed,Digitaria sanguinalis,414
10051641,Block 5,Nutsedge,Setaria faberi,203
10094347,Block 2,Crabgrass,Rumex crispus,312
10046626,Block 5,Quackgrass,Convolvulus arvensis,108
10001230,Block 1,Bermudagrass,Lamium amplexicaule,77
10070348,Block 4,Goosegrass,Rumex crispus,57
10028578,Block 4,Pigweed,Stellaria media,271
10086218,Block 4,Nutsedge,Ambrosia artemisiifolia,237
10006598,Block 3,Goosegrass,Elymus repens,223
10063400,Block 4,Ragweed,Eleusine indica,272
10093677,Block 2,Dandelion,Stellaria media,334
10070624,Block 4,Foxtail,Convolvulus arvensis,134
10001929,Block 5,Foxtail,Cyperus esculentus,261
10083843,Block 1,Groundsel,Cynodon dactylon,444
10036408,Block 3,Plantain,Convolvulus arvensis,207
10060057,Block 2,Milkweed,Elymus repens,81
10015838,Block 5,Foxtail,Elymus repens,396
10097774,Block 4,Crabgrass,Digitaria sanguinalis,280
10085634,Block 4,Pigweed,Elymus repens,378
10067740,Block 5,Quackgrass,Taraxacum officinale,87
10006123,Block 3,Pigweed,Convolvulus arvensis,437
10000655,Block 2,Groundsel,Eleusine indica,217
10047756,Block 2,Clover,Cynodon dactylon,59
10094170,Block 5,Dock,Taraxacum officinale,28
10021481,Block 2,Bindweed,Cirsium arvense,235
10065959,Block 1,Quackgrass,Taraxacum officinale,293
10059857,Block 3,Henbit,Taraxacum officinale,375
10042882,Block 4,Knapweed,Centaurea stoebe,475
10037068,Block 4,Groundsel,Chenopodium album,316
10068352,Block 5,Groundsel,Chenopodium album,388
10069845,Block 5,Nutsedge,Asclepias syriaca,152
10080140,Block 2,Ragweed,Chenopodium album,88
10066924,Block 4,Bindweed,Amaranthus retroflexus,302
10035426,Block 5,Groundsel,Eleusine indica,31
10050778,Block 5,Goosegrass,Senecio vulgaris,291
10010068,Block 3,Lambsquarters,Stellaria media,144
10013267,Block 2,Plantain,Plantago major,130
10075290,Block 2,Milkweed,Ambrosia artemisiifolia,15
10002626,Block 2,Pigweed,Cynodon dactylon,445
10020708,Block 3,Nutsedge,Rumex crispus,249
10053492,Block 2,Chickweed,Digitaria sanguinalis,148
10050843,Block 1,Pigweed,Senecio vulgaris,348
10007690,Block 1,Goosegrass,Convolvulus arvensis,152
10038136,Block 3,Plantain,Amaranthus retroflexus,54
10015015,Block 3,Plantain,Rumex crispus,36
10079029,Block 3,Milkweed,Trifolium repens,404
10059859,Block 4,Dandelion,Trifolium repens,78
10081074,Block 3,Groundsel,Cirsium arvense,77
10074314,Block 1,Thistle,Setaria faberi,40
10078975,Block 4,Knapweed,Plantago major,208
10088099,Block 3,Bindweed,Senecio vulgaris,373
10043317,Block 1,Groundsel,Cynodon dactylon,101
10042763,Block 5,Dock,Lamium amplexicaule,118
10028202,Block 2,Ragweed,Centaurea stoebe,214
10011179,Block 5,Quackgrass,Convolvulus arvensis,302
10092345,Block 5,Nutsedge,Stellaria media,349
10047342,Block 1,Groundsel,Stellaria media,121
10096793,Block 1,Pigweed,Digitaria sanguinalis,413
10011973,Block 2,Bermudagrass,Lamium amplexicaule,71
10010138,Block 2,Dock,Senecio vulgaris,493
10008416,Block 2,Bindweed,Cyperus esculentus,274
10044520,Block 5,Bindweed,Elymus repens,352
10081479,Block 4,Chickweed,Senecio vulgaris,497
10043379,Block 3,Goosegrass,Asclepias syriaca,304
10007308,Block 1,Henbit,Chenopodium album,180
10045909,Block 4,Quackgrass,Trifolium repens,123
10020048,Block 3,Lambsquarters,Stellaria media,94
10051199,Block 4,Pigweed,Trifolium repens,308
10043304,Block 2,Clover,Senecio vulgaris,184
10076899,Block 3,Groundsel,Senecio vulgaris,116
10011538,Block 4,Goosegrass,Rumex crispus,30
10049682,Block 4,Groundsel,Setaria faberi,382
10065142,Block 1,Plantain,Rumex crispus,320
10061851,Block 2,Dandelion,Taraxacum officinale,393
10076193,Block 1,Milkweed,Cynodon dactylon,110
10091831,Block 5,Clover,Stellaria media,161
10043486,Block 1,Bindweed,Amaranthus retroflexus,287
10072606,Block 2,Clover,Ambrosia artemisiifolia,45
10073410,Block 3,Nutsedge,Taraxacum officinale,470
10084909,Block 2,Dandelion,Stellaria media,106
10023550,Block 2,Pigweed,Plantago major,278
10013371,Block 2,Dandelion,Amaranthus retroflexus,161
10008483,Block 5,Dandelion,Cirsium arvense,364
10064554,Block 2,Ragweed,Cirsium arvense,465
10041216,Block 1,Plantain,Taraxacum officinale,218
10080556,Block 1,Ragweed,Cynodon dactylon,66
10094477,Block 4,Pigweed,Eleusine indica,179
10015592,Block 4,Lambsquarters,Asclepias syriaca,492
10085203,Block 3,Bermudagrass,Amaranthus retroflexus,90
10089276,Block 4,Ragweed,Eleusine indica,156
10053438,Block 3,Ragweed,Amaranthus retroflexus,392
10076335,Block 5,Clover,Cynodon dactylon,168
10020893,Block 2,Nutsedge,Digitaria sanguinalis,266
10029309,Block 2,Milkweed,Cynodon dactylon,478
10003320,Block 4,Foxtail,Amaranthus retroflexus,464
10029614,Block 1,Thistle,Taraxacum officinale,190
10023736,Block 2,Goosegrass,Amaranthus retroflexus,418
10054361,Block 2,Chickweed,Rumex crispus,374
10072700,Block 5,Dandelion,Digitaria sanguinalis,8
10037429,Block 1,Milkweed,Cynodon dactylon,489
10068733,Block 3,Thistle,Convolvulus arvensis,204
10041748,Block 2,Chickweed,Convolvulus arvensis,54
10040252,Block 3,Milkweed,Cirsium arvense,359
10024743,Block 1,Ragweed,Amaranthus retroflexus,225
10041608,Block 2,Bindweed,Convolvulus arvensis,475
10030891,Block 1,Thistle,Chenopodium album,137
10022443,Block 4,Lambsquarters,Elymus repens,103
10030845,Block 4,Crabgrass,Chenopodium album,204
10053264,Block 4,Foxtail,Cyperus esculentus,467
10051468,Block 3,Groundsel,Cyperus esculentus,106
10089468,Block 1,Plantain,Stellaria media,341
10031778,Block 5,Pigweed,Chenopodium album,50
10036888,Block 4,Chickweed,Digitaria sanguinalis,390
10001363,Block 1,Crabgrass,Chenopodium album,189
10092688,Block 3,Crabgrass,Senecio vulgaris,57
10072015,Block 2,Milkweed,Rumex crispus,38
10088665,Block 3,Clover,Setaria faberi,95
10086442,Block 2,Crabgrass,Centaurea stoebe,282
10089399,Block 4,Henbit,Eleusine indica,102
10016137,Block 3,Knapweed,Eleusine indica,283
10052468,Block 3,Thistle,Taraxacum officinale,265
10012686,Block 1,Goosegrass,Senecio vulgaris,396
10025556,Block 3,Plantain,Taraxacum officinale,366
10088011,Block 1,Clover,Cirsium arvense,298
10044808,Block 5,Plantain,Centaurea stoebe,128
10038243,Block 4,Ragweed,Convolvulus arvensis,201
10042449,Block 5,Dandelion,Convolvulus arvensis,331
10049197,Block 1,Nutsedge,Plantago major,54
10068106,Block 4,Foxtail,Rumex crispus,460
10075479,Block 4,Henbit,Lamium amplexicaule,295
10075922,Block 4,Goosegrass,Rumex crispus,41
10022273,Block 1,Nutsedge,Ambrosia artemisiifolia,418
10081029,Block 3,Knapweed,Trifolium repens,4
10085976,Block 2,Milkweed,Eleusine indica,471
10058159,Block 4,Dandelion,Ambrosia artemisiifolia,457
10035475,Block 5,Bindweed,Lamium amplexicaule,117
10004765,Block 4,Plantain,Rumex crispus,310
10045992,Block 1,Knapweed,Trifolium repens,422
10054068,Block 5,Clover,Cynodon dactylon,41
10031158,Block 2,Chickweed,Stellaria media,188
10000968,Block 1,Nutsedge,Asclepias syriaca,365
10027254,Block 5,Ragweed,Convolvulus arvensis,382
10092827,Block 4,Bermudagrass,Ambrosia artemisiifolia,353
10091335,Block 4,Dandelion,Trifolium repens,212
10004238,Block 1,Chickweed,Rumex crispus,92
10080921,Block 1,Crabgrass,Senecio vulgaris,389
10032702,Block 1,Bermudagrass,Trifolium repens,188
10027771,Block 2,Bindweed,Asclepias syriaca,340
10089765,Block 4,Bermudagrass,Ambrosia artemisiifolia,423
10035049,Block 2,Lambsquarters,Chenopodium album,477
10068587,Block 1,Dandelion,Rumex crispus,127
10026745,Block 4,Lambsquarters,Trifolium repens,147
10062679,Block 2,Ragweed,Lamium amplexicaule,223
10023831,Block 2,Goosegrass,Chenopodium album,463
10059816,Block 2,Dock,Amaranthus retroflexus,116
10029012,Block 5,Henbit,Rumex crispus,499
10033794,Block 4,Knapweed,Digitaria sanguinalis,167
10030241,Block 5,Quackgrass,Plantago major,420
10029772,Block 5,Dandelion,Plantago major,409
10001220,Block 4,Ragweed,Centaurea stoebe,94
10026544,Block 1,Milkweed,Cirsium arvense,448
10084113,Block 4,Pigweed,Asclepias syriaca,130
10020962,Block 2,Pigweed,Trifolium repens,419
10066722,Block 5,Dock,Cirsium arvense,455
10005852,Block 4,Henbit,Convolvulus arvensis,457
10063469,Block 3,Ragweed,Convolvulus arvensis,345
10049367,Block 3,Nutsedge,Eleusine indica,196
10070820,Block 1,Plantain,Cirsium arvense,275
10028355,Block 1,Nutsedge,Rumex crispus,206
10070798,Block 4,Ragweed,Lamium amplexicaule,411
10023316,Block 1,Goosegrass,Cyperus esculentus,163
10055394,Block 4,Foxtail,Cynodon dactylon,429
10024619,Block 2,Goosegrass,Plantago major,94
10063636,Block 4,Quackgrass,Senecio vulgaris,309
10004773,Block 2,Nutsedge,Plantago major,284
10054311,Block 3,Bermudagrass,Trifolium repens,428
10062470,Block 5,Ragweed,Senecio vulgaris,108
10088660,Block 3,Crabgrass,Cirsium arvense,97
10011938,Block 2,Dock,Ambrosia artemisiifolia,221
10071712,Block 2,Bindweed,Digitaria sanguinalis,197
10062194,Block 5,Dandelion,Cyperus esculentus,293
10095709,Block 2,Pigweed,Cynodon dactylon,454
10069383,Block 2,Plantain,Cyperus esculentus,195
10058914,Block 2,Ragweed,Lamium amplexicaule,25
10004024,Block 2,Plantain,Amaranthus retroflexus,282
10023133,Block 3,Quackgrass,Centaurea stoebe,269
10083133,Block 4,Plantain,Centaurea stoebe,85
10025583,Block 4,Plantain,Asclepias syriaca,416
10008961,Block 5,Henbit,Ambrosia artemisiifolia,156
10010869,Block 3,Clover,Cyperus esculentus,210
10033121,Block 3,Foxtail,Rumex crispus,115
10002224,Block 1,Crabgrass,Amaranthus retroflexus,261
10086430,Block 3,Clover,Plantago major,30
10003487,Block 5,Nutsedge,Plantago major,411
10036204,Block 5,Clover,Plantago major,241
10054682,Block 4,Nutsedge,Cirsium arvense,275
10039329,Block 5,Chickweed,Convolvulus arvensis,402
10091330,Block 2,Milkweed,Cynodon dactylon,228
10026757,Block 2,Lambsquarters,Convolvulus arvensis,200
10001300,Block 2,Dock,Taraxacum officinale,405
10029767,Block 5,Crabgrass,Taraxacum officinale,445
10041587,Block 2,Nutsedge,Taraxacum officinale,12
10018874,Block 1,Knapweed,Asclepias syriaca,67
10072661,Block 3,Dandelion,Elymus repens,228
10036624,Block 5,Crabgrass,Digitaria sanguinalis,314
10038611,Block 1,Lambsquarters,Cyperus esculentus,403
10031525,Block 5,Groundsel,Elymus repens,297
10081085,Block 5,Chickweed,Asclepias syriaca,481
10029238,Block 4,Bindweed,Taraxacum officinale,175
10013949,Block 2,Groundsel,Chenopodium album,360
10081583,Block 4,Dandelion,Plantago major,268
10037283,Block 4,Chickweed,Rumex crispus,165
10084907,Block 5,Nutsedge,Ambrosia artemisiifolia,217
10064720,Block 5,Foxtail,Setaria faberi,250
10060032,Block 4,Clover,Amaranthus retroflexus,480
10047710,Block 5,Nutsedge,Chenopodium album,451
10063238,Block 3,Quackgrass,Chenopodium album,140
10058797,Block 1,Thistle,Cyperus esculentus,179
10079882,Block 4,Dandelion,Digitaria sanguinalis,306
10068982,Block 1,Milkweed,Plantago major,169
10060130,Block 2,Ragweed,Plantago major,460
10093840,Block 5,Plantain,Trifolium repens,151
10031716,Block 2,Lambsquarters,Taraxacum officinale,165
10029171,Block 5,Ragweed,Taraxacum officinale,99
10096397,Block 1,Chickweed,Cyperus esculentus,257
10007321,Block 2,Milkweed,Convolvulus arvensis,305
10090009,Block 2,Lambsquarters,Chenopodium album,204
10058172,Block 2,Chickweed,Convolvulus arvensis,447
10096402,Block 1,Lambsquarters,Digitaria sanguinalis,448
10065339,Block 4,Foxtail,Cyperus esculentus,238
10039732,Block 4,Dandelion,Setaria faberi,262
10005204,Block 2,Thistle,Taraxacum officinale,348
10070927,Block 3,Dandelion,Trifolium repens,155
10017641,Block 3,Milkweed,Lamium amplexicaule,257
10006668,Block 3,Chickweed,Cyperus esculentus,56
10015766,Block 4,Crabgrass,Cynodon dactylon,162
10058852,Block 2,Knapweed,Rumex crispus,385
10022991,Block 2,Ragweed,Centaurea stoebe,54
10036497,Block 3,Crabgrass,Elymus repens,345
10067128,Block 4,Quackgrass,Convolvulus arvensis,93
10015330,Block 1,Thistle,Centaurea stoebe,164
10054218,Block 4,Plantain,Stellaria media,461
10095745,Block 1,Dock,Asclepias syriaca,455
10022238,Block 4,Clover,Cyperus esculentus,407
10058193,Block 4,Chickweed,Cirsium arvense,362
10026094,Block 4,Clover,Chenopodium album,204
10011016,Block 4,Pigweed,Stellaria media,164
10089769,Block 1,Ragweed,Cynodon dactylon,283
10033677,Block 3,Henbit,Cirsium arvense,63
10033493,Block 5,Milkweed,Eleusine indica,335
10065530,Block 1,Knapweed,Senecio vulgaris,123
10062622,Block 5,Crabgrass,Amaranthus retroflexus,219
10095246,Block 4,Ragweed,Plantago major,420
10058842,Block 3,Plantain,Centaurea stoebe,312
10009804,Block 2,Crabgrass,Trifolium repens,256
10024738,Block 5,Lambsquarters,Trifolium repens,181
10047254,Block 2,Bindweed,Cynodon dactylon,244
10094911,Block 1,Dandelion,Chenopodium album,233
10043383,Block 4,Clover,Eleusine indica,138
10081189,Block 2,Groundsel,Eleusine indica,455
10050667,Block 4,Pigweed,Amaranthus retroflexus,205
10083455,Block 5,Dock,Chenopodium album,179
10067032,Block 3,Dandelion,Lamium amplexicaule,415
10036483,Block 5,Milkweed,Trifolium repens,398
10045167,Block 1,Nutsedge,Senecio vulgaris,348
10036340,Block 1,Thistle,Cyperus esculentus,472
10027654,Block 3,Henbit,Cirsium arvense,79
10023139,Block 2,Lambsquarters,Digitaria sanguinalis,162
10081932,Block 4,Nutsedge,Eleusine indica,14
10016256,Block 4,Plantain,Cynodon dactylon,196
10003306,Block 3,Foxtail,Centaurea stoebe,81
10048852,Block 5,Foxtail,Taraxacum officinale,261
10054799,Block 4,Bindweed,Ambrosia artemisiifolia,468
10025659,Block 5,Quackgrass,Eleusine indica,167
10027727,Block 4,Knapweed,Setaria faberi,11
10024958,Block 2,Plantain,Setaria faberi,450
10068281,Block 4,Ragweed,Chenopodium album,298
10048723,Block 1,Quackgrass,Lamium amplexicaule,352
10038830,Block 2,Ragweed,Eleusine indica,316
10089899,Block 5,Chickweed,Plantago major,369
10053617,Block 4,Chickweed,Trifolium repens,24
10048408,Block 4,Crabgrass,Asclepias syriaca,450
10048964,Block 1,Bermudagrass,Stellaria media,454
10027333,Block 5,Goosegrass,Eleusine indica,36
10007571,Block 1,Pigweed,Elymus repens,85
10001556,Block 2,Pigweed,Convolvulus arvensis,169
10013305,Block 4,Thistle,Lamium amplexicaule,227
10075901,Block 1,Crabgrass,Taraxacum officinale,364
10040985,Block 3,Lambsquarters,Trifolium repens,11
10051525,Block 1,Bindweed,Eleusine indica,432
10015871,Block 5,Dandelion,Asclepias syriaca,222
10030212,Block 2,Dock,Lamium amplexicaule,300
10064345,Block 2,Quackgrass,Ambrosia artemisiifolia,159
10091296,Block 3,Goosegrass,Senecio vulgaris,172
10013783,Block 3,Bindweed,Digitaria sanguinalis,74
10081702,Block 4,Goosegrass,Taraxacum officinale,201
10081785,Block 5,Bermudagrass,Cynodon dactylon,325
10081522,Block 3,Crabgrass,Plantago major,345
10028964,Block 3,Goosegrass,Cyperus esculentus,476
10071066,Block 5,Lambsquarters,Cyperus esculentus,103
10007804,Block 3,Clover,Senecio vulgaris,261
10095798,Block 4,Clover,Taraxacum officinale,335
10020594,Block 2,Lambsquarters,Lamium amplexicaule,192
10055769,Block 3,Quackgrass,Asclepias syriaca,117
10096973,Block 4,Plantain,Stellaria media,381
10007701,Block 3,Dock,Senecio vulgaris,41
10027169,Block 1,Nutsedge,Cyperus esculentus,87
10037909,Block 3,Groundsel,Setaria faberi,23
10025100,Block 3,Foxtail,Digitaria sanguinalis,93
10029962,Block 5,Foxtail,Asclepias syriaca,227
10034237,Block 2,Goosegrass,Plantago major,261
10093691,Block 5,Dandelion,Taraxacum officinale,33
10021715,Block 1,Plantain,Eleusine indica,208
10070998,Block 3,Foxtail,Cynodon dactylon,289
10079360,Block 4,Groundsel,Cyperus esculentus,20
10016488,Block 4,Pigweed,Asclepias syriaca,391
10054682,Block 1,Crabgrass,Amaranthus retroflexus,136
10097417,Block 3,Lambsquarters,Digitaria sanguinalis,7
10045031,Block 5,Knapweed,Cynodon dactylon,400
10006909,Block 4,Chickweed,Cynodon dactylon,19
10068185,Block 2,Knapweed,Cynodon dactylon,414
10062054,Block 3,Crabgrass,Amaranthus retroflexus,454
10024455,Block 4,Clover,Convolvulus arvensis,498
10049492,Block 1,Foxtail,Amaranthus retroflexus,221
10097566,Block 5,Milkweed,Setaria faberi,274
10046663,Block 3,Groundsel,Cynodon dactylon,97
10008796,Block 1,Plantain,Stellaria media,317
10042041,Block 3,Goosegrass,Eleusine indica,14
10004436,Block 1,Thistle,Stellaria media,500
10071696,Block 3,Nutsedge,Setaria faberi,36
10045507,Block 1,Chickweed,Eleusine indica,28
10063728,Block 5,Foxtail,Amaranthus retroflexus,408
10001984,Block 1,Dandelion,Rumex crispus,259
10030886,Block 4,Foxtail,Taraxacum officinale,21
10009351,Block 4,Clover,Amaranthus retroflexus,54
10073898,Block 5,Bermudagrass,Ambrosia artemisiifolia,332
10010578,Block 5,Pigweed,Convolvulus arvensis,136
10062220,Block 1,Dock,Cirsium arvense,373
10030430,Block 4,Henbit,Lamium amplexicaule,231
10028215,Block 2,Knapweed,Trifolium repens,318
10032787,Block 4,Bindweed,Eleusine indica,123
10093976,Block 3,Plantain,Cyperus esculentus,193
10020091,Block 2,Bindweed,Digitaria sanguinalis,165
10003089,Block 3,Crabgrass,Convolvulus arvensis,358
10048562,Block 5,Dock,Cyperus esculentus,310
10078835,Block 2,Quackgrass,Elymus repens,207
10019354,Block 1,Thistle,Cynodon dactylon,270
10057046,Block 5,Bermudagrass,Cyperus esculentus,151
10012606,Block 5,Milkweed,Amaranthus retroflexus,463
10063117,Block 2,Bermudagrass,Cyperus esculentus,463
10073437,Block 3,Henbit,Plantago major,291
10078977,Block 2,Henbit,Cirsium arvense,107
10027526,Block 1,Chickweed,Elymus repens,110
10008220,Block 4,Henbit,Amaranthus retroflexus,422
10003853,Block 1,Dandelion,Chenopodium album,139
10094094,Block 2,Bermudagrass,Asclepias syriaca,405
10075352,Block 5,Foxtail,Elymus repens,181
10029361,Block 2,Foxtail,Trifolium repens,331
10097449,Block 2,Goosegrass,Amaranthus retroflexus,460
10055206,Block 3,Bindweed,Setaria faberi,264
10055238,Block 1,Plantain,Cirsium arvense,41
10041232,Block 1,Lambsquarters,Amaranthus retroflexus,291
10027435,Block 3,Goosegrass,Asclepias syriaca,274
10061185,Block 1,Crabgrass,Eleusine indica,474
10017060,Block 1,Foxtail,Digitaria sanguinalis,87
10049469,Block 3,Dock,Setaria faberi,35
10089968,Block 4,Dock,Eleusine indica,161
10003802,Block 2,Lambsquarters,Senecio vulgaris,333
10027494,Block 5,Groundsel,Centaurea stoebe,448
10050583,Block 3,Bermudagrass,Stellaria media,84
10055247,Block 3,Clover,Eleusine indica,354
10053029,Block 4,Quackgrass,Eleusine indica,384
10074683,Block 2,Ragweed,Centaurea stoebe,391
10095806,Block 4,Groundsel,Elymus repens,239
10043750,Block 5,Groundsel,Setaria faberi,245
10078134,Block 1,Milkweed,Lamium amplexicaule,61
10026966,Block 1,Groundsel,Cynodon dactylon,365
10016998,Block 1,Bermudagrass,Stellaria media,186
10036493,Block 4,Knapweed,Rumex crispus,393
10003306,Block 5,Plantain,Digitaria sanguinalis,81
10083799,Block 5,Dock,Cirsium arvense,330
10088133,Block 3,Bindweed,Ambrosia artemisiifolia,409
10079679,Block 3,Foxtail,Senecio vulgaris,471
10028640,Block 5,Chickweed,Convolvulus arvensis,155
10075934,Block 1,Milkweed,Centaurea stoebe,12
10055422,Block 3,Plantain,Rumex crispus,57
10082205,Block 3,Pigweed,Plantago major,462
10052226,Block 3,Foxtail,Stellaria media,490
10020292,Block 2,Henbit,Stellaria media,439
10011194,Block 4,Clover,Stellaria media,443
10039208,Block 4,Milkweed,Trifolium repens,217
10050452,Block 4,Crabgrass,Cirsium arvense,456
10020493,Block 1,Bermudagrass,Chenopodium album,289
10088185,Block 2,Milkweed,Stellaria media,130
10008388,Block 5,Nutsedge,Eleusine indica,300
10023061,Block 2,Goosegrass,Chenopodium album,271
10004406,Block 3,Quackgrass,Convolvulus arvensis,29
10087345,Block 5,Milkweed,Chenopodium album,478
10018840,Block 5,Pigweed,Asclepias syriaca,374
10034449,Block 3,Lambsquarters,Chenopodium album,351
10026423,Block 1,Goosegrass,Cyperus esculentus,120
10015988,Block 1,Chickweed,Taraxacum officinale,341
10096742,Block 4,Thistle,Elymus repens,17
10016408,Block 3,Dock,Setaria faberi,137
10045748,Block 1,Bindweed,Cirsium arvense,59
10040596,Block 1,Bindweed,Chenopodium album,122
10018340,Block 5,Milkweed,Plantago major,164
10058792,Block 4,Crabgrass,Elymus repens,115
10096913,Block 1,Thistle,Elymus repens,328
10013220,Block 2,Clover,Elymus repens,398
10064916,Block 1,Goosegrass,Centaurea stoebe,73
10018252,Block 3,Thistle,Stellaria media,132
10045100,Block 4,Pigweed,Trifolium repens,230
10085373,Block 4,Milkweed,Chenopodium album,34
10030837,Block 4,Bermudagrass,Amaranthus retroflexus,94
10031612,Block 2,Knapweed,Stellaria media,484
10062452,Block 4,Dandelion,Lamium amplexicaule,435
10065633,Block 2,Dock,Stellaria media,500
10062593,Block 2,Foxtail,Centaurea stoebe,421
10077467,Block 5,Ragweed,Centaurea stoebe,266
10022461,Block 2,Dock,Rumex crispus,246
10034586,Block 5,Thistle,Centaurea stoebe,181
10004875,Block 4,Henbit,Trifolium repens,74
10055984,Block 2,Dandelion,Stellaria media,416
10024669,Block 3,Thistle,Eleusine indica,451
10080715,Block 1,Dandelion,Amaranthus retroflexus,260
10022337,Block 5,Chickweed,Cyperus esculentus,54
10034964,Block 5,Quackgrass,Chenopodium album,267
10012223,Block 4,Knapweed,Cirsium arvense,418
10029555,Block 5,Milkweed,Cirsium arvense,310
10039945,Block 5,Pigweed,Trifolium repens,116
10043102,Block 2,Clover,Senecio vulgaris,335
10049501,Block 3,Lambsquarters,Lamium amplexicaule,124
10095055,Block 5,Milkweed,Setaria faberi,374
10071554,Block 2,Nutsedge,Taraxacum officinale,169
10080234,Block 2,Bindweed,Cirsium arvense,442
10062496,Block 2,Knapweed,Convolvulus arvensis,195
10017489,Block 1,Knapweed,Lamium amplexicaule,387
10083668,Block 5,Bermudagrass,Digitaria sanguinalis,54
10005172,Block 3,Thistle,Digitaria sanguinalis,58
10059558,Block 4,Quackgrass,Stellaria media,335
10039773,Block 4,Knapweed,Elymus repens,370
10019965,Block 3,Crabgrass,Cirsium arvense,79
10022493,Block 1,Bermudagrass,Setaria faberi,142
10069237,Block 1,Milkweed,Rumex crispus,470
10088304,Block 4,Thistle,Setaria faberi,254
10030390,Block 2,Ragweed,Convolvulus arvensis,300
10065301,Block 4,Pigweed,Senecio vulgaris,210
10076294,Block 5,Dandelion,Eleusine indica,85
10064464,Block 1,Quackgrass,Elymus repens,200
10008023,Block 5,Thistle,Digitaria sanguinalis,495
10016739,Block 5,Quackgrass,Digitaria sanguinalis,111
10078612,Block 4,Quackgrass,Amaranthus retroflexus,321
10087423,Block 3,Thistle,Cynodon dactylon,203
10011451,Block 2,Chickweed,Ambrosia artemisiifolia,293
10075683,Block 2,Knapweed,Taraxacum officinale,52
10056801,Block 1,Dandelion,Rumex crispus,161
10006205,Block 4,Nutsedge,Setaria faberi,414
10024601,Block 4,Goosegrass,Cyperus esculentus,48
10087623,Block 1,Knapweed,Senecio vulgaris,54
10050251,Block 1,Milkweed,Cyperus esculentus,318
10077917,Block 3,Bindweed,Centaurea stoebe,333
10094705,Block 4,Foxtail,Plantago major,451
10076471,Block 5,Plantain,Cynodon dactylon,297
10008237,Block 1,Crabgrass,Chenopodium album,466
10012280,Block 1,Dandelion,Asclepias syriaca,415
10058131,Block 5,Dandelion,Trifolium repens,478
10067209,Block 5,Foxtail,Plantago major,322
10062748,Block 2,Dandelion,Plantago major,266
10054704,Block 3,Lambsquarters,Ambrosia artemisiifolia,394
10065267,Block 5,Crabgrass,Plantago major,190
10068174,Block 4,Foxtail,Trifolium repens,335
10035121,Block 5,Goosegrass,Digitaria sanguinalis,304
10074754,Block 3,Knapweed,Trifolium repens,80
10005715,Block 3,Thistle,Setaria faberi,391
10014771,Block 5,Knapweed,Convolvulus arvensis,115
10061146,Block 2,Ragweed,Amaranthus retroflexus,217
10023330,Block 3,Thistle,Plantago major,147
10058694,Block 1,Bermudagrass,Rumex crispus,203
10095121,Block 2,Quackgrass,Lamium amplexicaule,348
10013076,Block 1,Dock,Rumex crispus,235
10046089,Block 2,Dandelion,Eleusine indica,146
10084292,Block 1,Goosegrass,Amaranthus retroflexus,163
10013696,Block 2,Clover,Cyperus esculentus,332
10001973,Block 2,Bermudagrass,Rumex crispus,408
10008194,Block 5,Bermudagrass,Taraxacum officinale,25
10050996,Block 3,Knapweed,Taraxacum officinale,176
10064603,Block 3,Henbit,Eleusine indica,112
10023716,Block 1,Thistle,Cynodon dactylon,28
10054330,Block 2,Clover,Convolvulus arvensis,6
10005138,Block 1,Pigweed,Digitaria sanguinalis,453
10069178,Block 3,Clover,Taraxacum officinale,56
10038367,Block 5,Plantain,Cynodon dactylon,109
10020986,Block 4,Crabgrass,Elymus repens,276
10032902,Block 2,Chickweed,Cirsium arvense,67
10088392,Block 5,Foxtail,Digitaria sanguinalis,442
10035309,Block 2,Pigweed,Setaria faberi,120
10031155,Block 3,Quackgrass,Cirsium arvense,361
10094863,Block 3,Milkweed,Trifolium repens,155
10057474,Block 3,Plantain,Taraxacum officinale,335
10014281,Block 2,Plantain,Cirsium arvense,248
10082202,Block 3,Nutsedge,Stellaria media,168
10036658,Block 2,Groundsel,Trifolium repens,166
10004945,Block 3,Groundsel,Ambrosia artemisiifolia,201
10042881,Block 4,Quackgrass,Rumex crispus,374
10033436,Block 4,Crabgrass,Elymus repens,271
10023082,Block 2,Bermudagrass,Taraxacum officinale,194
10028399,Block 5,Dock,Trifolium repens,12
10024597,Block 5,Milkweed,Chenopodium album,147
10019303,Block 4,Quackgrass,Elymus repens,194
10057543,Block 1,Groundsel,Centaurea stoebe,498
10042327,Block 3,Ragweed,Amaranthus retroflexus,338
10039542,Block 3,Bermudagrass,Asclepias syriaca,369
10019894,Block 3,Goosegrass,Taraxacum officinale,494
10036357,Block 4,Pigweed,Cynodon dactylon,405
10033366,Block 1,Henbit,Eleusine indica,303
10000627,Block 5,Thistle,Convolvulus arvensis,354
10032495,Block 2,Milkweed,Senecio vulgaris,438
10053451,Block 3,Thistle,Trifolium repens,195
10038517,Block 4,Knapweed,Trifolium repens,256
10069207,Block 3,Bindweed,Elymus repens,454
10065222,Block 5,Clover,Cyperus esculentus,265
10002208,Block 1,Clover,Digitaria sanguinalis,437
10080843,Block 4,Chickweed,Ambrosia artemisiifolia,87
